event_date,event_code,case_id
1/3/2014,6,40634/2014
1/5/2014,6,68863/2014
1/10/2014,6,56004/2014
1/10/2014,6,92295/2014
1/11/2014,6,79688/2014
1/13/2014,6,64595/2014
1/15/2014,6,35865/2014
1/19/2014,6,29242/2014
1/26/2014,6,82226/2014
2/1/2014,6,24713/2014
2/3/2014,20,40634/2014
2/3/2014,6,67107/2014
2/5/2014,6,34398/2014
2/5/2014,20,68863/2014
2/6/2014,6,59925/2014
2/8/2014,6,15804/2014
2/8/2014,6,33192/2014
2/10/2014,20,56004/2014
2/10/2014,6,59994/2014
2/10/2014,6,71101/2014
2/12/2014,6,71220/2014
2/19/2014,20,29242/2014
2/24/2014,6,67507/2014
2/25/2014,6,9942/2014
3/1/2014,20,24713/2014
3/5/2014,20,34398/2014
3/8/2014,20,15804/2014
3/8/2014,6,78401/2014
3/10/2014,6,55230/2014
3/10/2014,20,92295/2014
3/10/2014,55,92295/2014
3/11/2014,20,79688/2014
3/13/2014,20,64595/2014
3/14/2014,6,30579/2014
3/15/2014,20,35865/2014
3/23/2014,6,41449/2014
3/23/2014,6,87530/2014
3/25/2014,20,9942/2014
3/26/2014,20,82226/2014
3/27/2014,6,17059/2014
3/28/2014,6,90074/2014
4/3/2014,55,40634/2014
4/3/2014,20,67107/2014
4/5/2014,55,34398/2014
4/6/2014,20,59925/2014
4/8/2014,20,33192/2014
4/8/2014,55,33192/2014
4/9/2014,6,41824/2014
4/10/2014,20,55230/2014
4/10/2014,55,56004/2014
4/10/2014,20,59994/2014
4/10/2014,55,59994/2014
4/10/2014,20,71101/2014
4/11/2014,55,79688/2014
4/12/2014,20,71220/2014
4/13/2014,55,64595/2014
4/19/2014,6,1686/2014
4/20/2014,6,52653/2014
4/22/2014,6,60930/2014
4/23/2014,20,41449/2014
4/24/2014,20,67507/2014
4/24/2014,55,67507/2014
4/24/2014,6,79644/2014
4/25/2014,6,35177/2014
4/26/2014,55,82226/2014
4/26/2014,6,88164/2014
4/28/2014,20,90074/2014
5/3/2014,110,40634/2014
5/5/2014,55,68863/2014
5/6/2014,6,57550/2014
5/7/2014,6,29883/2014
5/7/2014,6,80061/2014
5/8/2014,55,15804/2014
5/8/2014,20,78401/2014
5/10/2014,6,12101/2014
5/10/2014,55,55230/2014
5/11/2014,6,18495/2014
5/11/2014,110,79688/2014
5/12/2014,55,71220/2014
5/12/2014,6,76235/2014
5/13/2014,6,61390/2014
5/14/2014,20,30579/2014
5/14/2014,6,76456/2014
5/15/2014,55,35865/2014
5/18/2014,6,81186/2014
5/19/2014,6,18047/2014
5/19/2014,55,29242/2014
5/19/2014,110,29242/2014
5/20/2014,6,38104/2014
5/20/2014,6,68378/2014
5/21/2014,6,76653/2014
5/23/2014,6,53543/2014
5/23/2014,20,87530/2014
5/24/2014,6,38002/2014
5/25/2014,20,35177/2014
5/27/2014,20,17059/2014
5/27/2014,6,39537/2014
5/27/2014,6,69017/2014
6/1/2014,55,24713/2014
6/1/2014,110,24713/2014
6/3/2014,55,67107/2014
6/6/2014,20,57550/2014
6/6/2014,55,59925/2014
6/7/2014,20,29883/2014
6/7/2014,20,80061/2014
6/8/2014,55,78401/2014
6/9/2014,20,41824/2014
6/9/2014,55,41824/2014
6/10/2014,6,25966/2014
6/10/2014,55,71101/2014
6/10/2014,110,71101/2014
6/11/2014,20,18495/2014
6/11/2014,6,28585/2014
6/12/2014,20,76235/2014
6/13/2014,6,98136/2014
6/14/2014,55,30579/2014
6/18/2014,20,81186/2014
6/19/2014,20,1686/2014
6/20/2014,20,38104/2014
6/20/2014,20,52653/2014
6/20/2014,55,52653/2014
6/21/2014,20,76653/2014
6/22/2014,20,60930/2014
6/22/2014,55,60930/2014
6/23/2014,6,33258/2014
6/23/2014,55,41449/2014
6/23/2014,55,87530/2014
6/24/2014,20,38002/2014
6/24/2014,20,79644/2014
6/25/2014,6,2957/2014
6/25/2014,55,35177/2014
6/25/2014,55,9942/2014
6/26/2014,20,88164/2014
6/26/2014,6,98561/2014
6/27/2014,20,39537/2014
7/3/2014,145,40634/2014
7/3/2014,110,67107/2014
7/3/2014,6,70784/2014
7/5/2014,6,38667/2014
7/5/2014,110,68863/2014
7/6/2014,55,57550/2014
7/6/2014,6,79215/2014
7/7/2014,55,29883/2014
7/10/2014,20,12101/2014
7/10/2014,20,25966/2014
7/10/2014,110,56004/2014
7/11/2014,55,18495/2014
7/13/2014,20,61390/2014
7/13/2014,20,98136/2014
7/14/2014,20,76456/2014
7/14/2014,55,76456/2014
7/16/2014,6,38268/2014
7/18/2014,6,90538/2014
7/19/2014,20,18047/2014
7/20/2014,6,15617/2014
7/20/2014,6,22119/2014
7/20/2014,6,37406/2014
7/20/2014,55,38104/2014
7/20/2014,20,68378/2014
7/21/2014,55,76653/2014
7/22/2014,6,92113/2014
7/23/2014,20,33258/2014
7/23/2014,20,53543/2014
7/23/2014,55,53543/2014
7/24/2014,110,67507/2014
7/24/2014,55,79644/2014
7/25/2014,20,2957/2014
7/27/2014,55,17059/2014
7/27/2014,20,69017/2014
7/27/2014,55,69017/2014
7/28/2014,6,69327/2014
7/28/2014,55,90074/2014
8/1/2014,6,65517/2014
8/3/2014,20,70784/2014
8/5/2014,110,34398/2014
8/5/2014,20,38667/2014
8/6/2014,20,79215/2014
8/8/2014,110,33192/2014
8/10/2014,55,12101/2014
8/10/2014,55,25966/2014
8/10/2014,130,59994/2014
8/10/2014,110,92295/2014
8/11/2014,20,28585/2014
8/11/2014,55,28585/2014
8/13/2014,110,64595/2014
8/14/2014,110,30579/2014
8/15/2014,110,35865/2014
8/16/2014,20,38268/2014
8/19/2014,55,1686/2014
8/20/2014,20,22119/2014
8/20/2014,110,52653/2014
8/23/2014,55,33258/2014
8/23/2014,110,87530/2014
8/24/2014,55,38002/2014
8/24/2014,110,79644/2014
8/26/2014,55,88164/2014
8/26/2014,20,98561/2014
8/27/2014,55,39537/2014
8/27/2014,6,95317/2014
8/28/2014,6,48277/2014
8/28/2014,20,69327/2014
9/3/2014,55,70784/2014
9/4/2014,6,24405/2014
9/4/2014,6,44418/2014
9/7/2014,6,33601/2014
9/7/2014,55,80061/2014
9/7/2014,110,80061/2014
9/8/2014,110,15804/2014
9/12/2014,6,71770/2014
9/12/2014,55,76235/2014
9/13/2014,6,22094/2014
9/13/2014,55,61390/2014
9/13/2014,55,98136/2014
9/15/2014,121,35865/2014
9/18/2014,55,81186/2014
9/18/2014,110,81186/2014
9/18/2014,20,90538/2014
9/19/2014,55,18047/2014
9/20/2014,20,15617/2014
9/20/2014,20,37406/2014
9/20/2014,6,53163/2014
9/20/2014,55,68378/2014
9/22/2014,20,92113/2014
9/22/2014,55,92113/2014
9/25/2014,55,2957/2014
9/25/2014,110,35177/2014
9/26/2014,110,82226/2014
9/26/2014,55,98561/2014
9/27/2014,110,17059/2014
9/27/2014,110,69017/2014
9/27/2014,20,95317/2014
9/28/2014,110,90074/2014
10/1/2014,20,65517/2014
10/2/2014,6,27293/2014
10/2/2014,6,80471/2014
10/3/2014,6,59224/2014
10/3/2014,6,96730/2014
10/4/2014,6,29905/2014
10/4/2014,20,44418/2014
10/6/2014,110,59925/2014
10/8/2014,145,33192/2014
10/8/2014,110,78401/2014
10/9/2014,110,41824/2014
10/10/2014,110,12101/2014
10/10/2014,110,59994/2014
10/11/2014,121,79688/2014
10/12/2014,6,68211/2014
10/12/2014,110,71220/2014
10/12/2014,20,71770/2014
10/13/2014,20,22094/2014
10/13/2014,110,61390/2014
10/14/2014,6,72901/2014
10/17/2014,6,53923/2014
10/18/2014,55,90538/2014
10/19/2014,110,1686/2014
10/20/2014,55,15617/2014
10/20/2014,55,37406/2014
10/20/2014,20,53163/2014
10/23/2014,110,41449/2014
10/25/2014,110,9942/2014
10/26/2014,145,82226/2014
10/26/2014,110,88164/2014
10/27/2014,151,17059/2014
10/28/2014,20,48277/2014
11/2/2014,20,27293/2014
11/2/2014,6,65796/2014
11/2/2014,20,80471/2014
11/3/2014,20,59224/2014
11/4/2014,20,24405/2014
11/5/2014,55,38667/2014
11/6/2014,6,25483/2014
11/6/2014,110,57550/2014
11/6/2014,55,79215/2014
11/7/2014,6,16456/2014
11/7/2014,20,33601/2014
11/7/2014,121,80061/2014
11/8/2014,6,24838/2014
11/9/2014,151,41824/2014
11/10/2014,110,25966/2014
11/10/2014,110,55230/2014
11/10/2014,151,71101/2014
11/11/2014,121,18495/2014
11/11/2014,6,50051/2014
11/12/2014,55,71770/2014
11/13/2014,110,98136/2014
11/14/2014,20,72901/2014
11/15/2014,6,45124/2014
11/15/2014,6,74024/2014
11/16/2014,55,38268/2014
11/16/2014,110,38268/2014
11/20/2014,55,22119/2014
11/20/2014,110,37406/2014
11/20/2014,110,38104/2014
11/20/2014,151,68378/2014
11/22/2014,110,60930/2014
11/23/2014,121,53543/2014
11/24/2014,110,38002/2014
11/25/2014,110,2957/2014
11/27/2014,55,95317/2014
11/28/2014,55,69327/2014
12/1/2014,6,61410/2014
12/1/2014,55,65517/2014
12/1/2014,110,65517/2014
12/2/2014,55,80471/2014
12/3/2014,55,59224/2014
12/3/2014,110,70784/2014
12/3/2014,20,96730/2014
12/3/2014,55,96730/2014
12/4/2014,20,29905/2014
12/4/2014,55,44418/2014
12/6/2014,6,79988/2014
12/7/2014,20,16456/2014
12/7/2014,55,33601/2014
12/9/2014,6,92338/2014
12/10/2014,121,92295/2014
12/12/2014,6,21788/2014
12/12/2014,20,68211/2014
12/12/2014,55,68211/2014
12/12/2014,110,76235/2014
12/14/2014,110,76456/2014
12/15/2014,6,90610/2014
12/16/2014,6,16429/2014
12/16/2014,6,98788/2014
12/17/2014,20,53923/2014
12/19/2014,110,18047/2014
12/20/2014,110,15617/2014
12/20/2014,6,19873/2014
12/20/2014,121,38104/2014
12/20/2014,55,53163/2014
12/20/2014,110,68378/2014
12/21/2014,6,29818/2014
12/23/2014,110,33258/2014
12/25/2014,151,35177/2014
12/25/2014,6,56897/2014
12/26/2014,6,97973/2014
12/27/2014,6,1529/2014
12/27/2014,110,39537/2014
12/27/2014,151,39537/2014
12/28/2014,55,48277/2014
12/28/2014,110,69327/2014
1/1/2015,20,61410/2014
1/2/2015,20,65796/2014
1/3/2015,121,70784/2014
1/4/2015,55,24405/2014
1/5/2015,6,37004/2015
1/5/2015,6,41051/2015
1/6/2015,20,25483/2014
1/6/2015,55,25483/2014
1/6/2015,110,79215/2014
1/6/2015,20,79988/2014
1/7/2015,110,29883/2014
1/7/2015,110,33601/2014
1/7/2015,6,54197/2015
1/8/2015,20,24838/2014
1/8/2015,6,99349/2015
1/9/2015,6,54609/2015
1/9/2015,20,92338/2014
1/11/2015,110,18495/2014
1/11/2015,20,50051/2014
1/11/2015,6,69551/2015
1/11/2015,6,81725/2015
1/11/2015,6,87885/2015
1/12/2015,20,21788/2014
1/12/2015,130,71220/2014
1/12/2015,110,71770/2014
1/13/2015,55,22094/2014
1/13/2015,6,31263/2015
1/13/2015,6,48333/2015
1/14/2015,55,72901/2014
1/14/2015,6,84203/2015
1/15/2015,20,45124/2014
1/15/2015,20,74024/2014
1/16/2015,6,88614/2015
1/16/2015,20,98788/2014
1/17/2015,55,53923/2014
1/18/2015,6,38752/2015
1/19/2015,6,1973/2015
1/20/2015,110,22119/2014
1/20/2015,145,37406/2014
1/20/2015,110,53163/2014
1/21/2015,110,76653/2014
1/21/2015,6,88163/2015
1/21/2015,6,9239/2015
1/23/2015,110,53543/2014
1/23/2015,6,70951/2015
1/24/2015,6,14994/2015
1/25/2015,20,56897/2014
1/26/2015,6,72258/2015
1/26/2015,130,88164/2014
1/26/2015,20,97973/2014
1/27/2015,6,47390/2015
1/28/2015,151,90074/2014
2/1/2015,6,49913/2015
2/1/2015,55,61410/2014
2/1/2015,6,74726/2015
2/2/2015,55,27293/2014
2/2/2015,6,41180/2015
2/3/2015,190,67107/2014
2/3/2015,110,96730/2014
2/4/2015,110,24405/2014
2/4/2015,6,2882/2015
2/4/2015,55,29905/2014
2/4/2015,6,58961/2015
2/5/2015,20,37004/2015
2/5/2015,110,38667/2014
2/5/2015,20,41051/2015
2/5/2015,6,93214/2015
2/6/2015,145,59925/2014
2/6/2015,6,63108/2015
2/7/2015,20,54197/2015
2/8/2015,55,24838/2014
2/8/2015,6,60394/2015
2/10/2015,145,12101/2014
2/11/2015,110,28585/2014
2/11/2015,55,50051/2014
2/11/2015,20,81725/2015
2/12/2015,110,68211/2014
2/13/2015,6,5285/2015
2/13/2015,6,67164/2015
2/14/2015,20,84203/2015
2/15/2015,6,27302/2015
2/15/2015,55,45124/2014
2/15/2015,55,74024/2014
2/15/2015,6,89647/2015
2/15/2015,20,90610/2014
2/15/2015,6,99796/2015
2/16/2015,20,16429/2014
2/16/2015,6,65764/2015
2/16/2015,6,73487/2015
2/16/2015,20,88614/2015
2/19/2015,130,1686/2014
2/20/2015,20,19873/2014
2/20/2015,6,87479/2015
2/21/2015,20,29818/2014
2/21/2015,55,29818/2014
2/21/2015,20,88163/2015
2/22/2015,6,73286/2015
2/24/2015,20,14994/2015
2/24/2015,130,38002/2014
2/25/2015,6,63168/2015
2/25/2015,6,74579/2015
2/26/2015,6,65122/2015
2/26/2015,110,98561/2014
2/26/2015,121,98561/2014
2/27/2015,20,1529/2014
2/27/2015,6,41729/2015
2/27/2015,20,47390/2015
2/28/2015,151,69327/2014
3/1/2015,6,12689/2015
3/2/2015,20,41180/2015
3/2/2015,55,65796/2014
3/2/2015,110,80471/2014
3/3/2015,6,19058/2015
3/4/2015,20,58961/2015
3/6/2015,151,57550/2014
3/7/2015,6,1190/2015
3/7/2015,55,16456/2014
3/8/2015,20,99349/2015
3/9/2015,6,45220/2015
3/9/2015,20,54609/2015
3/9/2015,55,92338/2014
3/10/2015,121,55230/2014
3/11/2015,6,59903/2015
3/11/2015,20,69551/2015
3/11/2015,55,81725/2015
3/11/2015,20,87885/2015
3/11/2015,55,87885/2015
3/12/2015,55,21788/2014
3/12/2015,6,65272/2015
3/12/2015,6,77445/2015
3/13/2015,110,22094/2014
3/13/2015,20,31263/2015
3/13/2015,20,48333/2015
3/13/2015,6,50207/2015
3/13/2015,20,5285/2015
3/13/2015,145,61390/2014
3/14/2015,55,84203/2015
3/15/2015,110,74024/2014
3/15/2015,6,97402/2015
3/16/2015,55,16429/2014
3/16/2015,6,47281/2015
3/16/2015,20,73487/2015
3/16/2015,55,88614/2015
3/16/2015,55,98788/2014
3/17/2015,110,53923/2014
3/18/2015,20,38752/2015
3/18/2015,55,38752/2015
3/18/2015,110,90538/2014
3/19/2015,20,1973/2015
3/20/2015,20,87479/2015
3/21/2015,55,88163/2015
3/21/2015,20,9239/2015
3/21/2015,55,9239/2015
3/22/2015,20,73286/2015
3/22/2015,110,92113/2014
3/23/2015,6,57168/2015
3/23/2015,20,70951/2015
3/24/2015,6,19690/2015
3/24/2015,6,77823/2015
3/25/2015,55,56897/2014
3/25/2015,20,63168/2015
3/25/2015,20,74579/2015
3/25/2015,6,77273/2015
3/26/2015,20,65122/2015
3/26/2015,20,72258/2015
3/26/2015,55,72258/2015
3/26/2015,6,8362/2015
3/26/2015,55,97973/2014
3/27/2015,55,47390/2015
3/27/2015,6,64899/2015
3/28/2015,6,12892/2015
4/1/2015,20,49913/2015
4/1/2015,55,49913/2015
4/1/2015,130,65517/2014
4/1/2015,20,74726/2015
4/2/2015,110,27293/2014
4/2/2015,121,27293/2014
4/2/2015,130,80471/2014
4/3/2015,110,59224/2014
4/4/2015,6,24153/2015
4/4/2015,20,2882/2015
4/4/2015,110,29905/2014
4/4/2015,110,44418/2014
4/4/2015,55,58961/2015
4/5/2015,181,34398/2014
4/5/2015,55,37004/2015
4/5/2015,55,41051/2015
4/5/2015,20,93214/2015
4/5/2015,55,93214/2015
4/6/2015,20,63108/2015
4/6/2015,55,79988/2014
4/7/2015,110,16456/2014
4/7/2015,55,54197/2015
4/8/2015,6,22004/2015
4/8/2015,20,60394/2015
4/8/2015,55,99349/2015
4/9/2015,20,45220/2015
4/10/2015,6,21971/2015
4/11/2015,6,3799/2015
4/11/2015,20,59903/2015
4/11/2015,55,69551/2015
4/12/2015,20,77445/2015
4/13/2015,55,31263/2015
4/13/2015,20,50207/2015
4/13/2015,20,67164/2015
4/13/2015,130,98136/2014
4/14/2015,6,36900/2015
4/14/2015,151,76456/2014
4/15/2015,20,27302/2015
4/15/2015,55,27302/2015
4/15/2015,6,27825/2015
4/15/2015,20,89647/2015
4/15/2015,55,90610/2014
4/15/2015,20,99796/2015
4/15/2015,55,99796/2015
4/16/2015,110,16429/2014
4/16/2015,20,65764/2015
4/19/2015,6,61384/2015
4/20/2015,145,15617/2014
4/20/2015,55,19873/2014
4/20/2015,121,52653/2014
4/22/2015,145,92113/2014
4/24/2015,55,14994/2015
4/24/2015,20,77823/2015
4/25/2015,55,63168/2015
4/25/2015,55,74579/2015
4/26/2015,110,97973/2014
4/27/2015,55,1529/2014
4/27/2015,20,41729/2015
4/27/2015,121,69017/2014
4/27/2015,110,95317/2014
4/28/2015,110,48277/2014
5/1/2015,20,12689/2015
5/1/2015,55,12689/2015
5/1/2015,55,74726/2015
5/2/2015,55,41180/2015
5/2/2015,6,45942/2015
5/2/2015,110,65796/2014
5/3/2015,20,19058/2015
5/4/2015,20,24153/2015
5/4/2015,6,6276/2015
5/6/2015,121,79215/2014
5/6/2015,110,79988/2014
5/6/2015,6,91739/2015
5/7/2015,6,11011/2015
5/7/2015,20,1190/2015
5/7/2015,55,1190/2015
5/7/2015,6,52592/2015
5/8/2015,190,33192/2014
5/9/2015,55,54609/2015
5/10/2015,6,48067/2015
5/11/2015,20,3799/2015
5/11/2015,110,50051/2014
5/11/2015,55,59903/2015
5/12/2015,6,14989/2015
5/12/2015,20,65272/2015
5/13/2015,55,48333/2015
5/13/2015,55,67164/2015
5/14/2015,20,36900/2015
5/15/2015,110,90610/2014
5/15/2015,20,97402/2015
5/16/2015,6,33118/2015
5/16/2015,20,47281/2015
5/16/2015,110,88614/2015
5/19/2015,55,1973/2015
5/19/2015,6,21325/2015
5/19/2015,6,5209/2015
5/20/2015,6,17735/2015
5/20/2015,110,19873/2014
5/20/2015,6,23988/2015
5/20/2015,6,38415/2015
5/21/2015,6,97531/2015
5/22/2015,55,73286/2015
5/23/2015,20,57168/2015
5/23/2015,55,70951/2015
5/24/2015,20,19690/2015
5/25/2015,6,53984/2015
5/25/2015,20,77273/2015
5/25/2015,55,77273/2015
5/26/2015,55,65122/2015
5/26/2015,20,8362/2015
5/26/2015,55,8362/2015
5/27/2015,20,64899/2015
5/28/2015,20,12892/2015
5/28/2015,55,12892/2015
5/28/2015,151,48277/2014
6/1/2015,6,40489/2015
6/1/2015,110,49913/2015
6/1/2015,110,61410/2014
6/2/2015,20,45942/2015
6/3/2015,55,19058/2015
6/3/2015,6,2013/2015
6/4/2015,55,24153/2015
6/4/2015,55,2882/2015
6/4/2015,6,85554/2015
6/5/2015,6,25925/2015
6/5/2015,110,93214/2015
6/6/2015,130,25483/2014
6/6/2015,55,63108/2015
6/6/2015,145,79988/2014
6/6/2015,20,91739/2015
6/7/2015,20,11011/2015
6/7/2015,110,54197/2015
6/8/2015,20,22004/2015
6/8/2015,55,22004/2015
6/8/2015,55,60394/2015
6/9/2015,55,45220/2015
6/9/2015,110,54609/2015
6/9/2015,6,83271/2015
6/9/2015,110,92338/2014
6/10/2015,20,21971/2015
6/11/2015,6,52102/2015
6/11/2015,110,81725/2015
6/12/2015,6,60972/2015
6/13/2015,6,13879/2015
6/13/2015,55,5285/2015
6/14/2015,110,72901/2014
6/15/2015,110,27302/2015
6/15/2015,20,27825/2015
6/15/2015,110,45124/2014
6/15/2015,55,89647/2015
6/16/2015,55,47281/2015
6/16/2015,55,65764/2015
6/16/2015,55,73487/2015
6/16/2015,110,98788/2014
6/18/2015,110,38752/2015
6/19/2015,20,21325/2015
6/19/2015,20,61384/2015
6/20/2015,20,23988/2015
6/20/2015,6,26320/2015
6/20/2015,20,38415/2015
6/20/2015,55,87479/2015
6/20/2015,6,97454/2015
6/21/2015,110,88163/2015
6/21/2015,20,97531/2015
6/23/2015,55,57168/2015
6/24/2015,55,19690/2015
6/24/2015,55,77823/2015
6/25/2015,20,53984/2015
6/26/2015,6,50157/2015
6/27/2015,55,41729/2015
6/27/2015,55,64899/2015
7/1/2015,110,74726/2015
7/2/2015,6,28082/2015
7/4/2015,20,6276/2015
7/4/2015,20,85554/2015
7/5/2015,20,25925/2015
7/5/2015,130,38667/2014
7/6/2015,6,17760/2015
7/6/2015,110,25483/2014
7/6/2015,6,42533/2015
7/6/2015,181,59925/2014
7/7/2015,6,44309/2015
7/7/2015,20,52592/2015
7/8/2015,110,24838/2014
7/9/2015,110,45220/2015
7/10/2015,20,48067/2015
7/10/2015,55,48067/2015
7/11/2015,20,52102/2015
7/11/2015,110,87885/2015
7/12/2015,20,14989/2015
7/12/2015,55,14989/2015
7/12/2015,6,32985/2015
7/12/2015,55,65272/2015
7/12/2015,121,71770/2014
7/12/2015,55,77445/2015
7/12/2015,6,95696/2015
7/13/2015,20,13879/2015
7/13/2015,55,50207/2015
7/13/2015,110,5285/2015
7/13/2015,6,56888/2015
7/14/2015,55,36900/2015
7/14/2015,6,61398/2015
7/14/2015,110,84203/2015
7/15/2015,55,27825/2015
7/15/2015,55,97402/2015
7/16/2015,6,1273/2015
7/16/2015,20,33118/2015
7/16/2015,145,38268/2014
7/16/2015,110,73487/2015
7/17/2015,6,77406/2015
7/18/2015,121,90538/2014
7/19/2015,110,1973/2015
7/19/2015,20,5209/2015
7/20/2015,20,17735/2015
7/20/2015,20,26320/2015
7/20/2015,130,53163/2014
7/20/2015,6,80316/2015
7/20/2015,110,87479/2015
7/20/2015,20,97454/2015
7/25/2015,110,74579/2015
7/25/2015,110,77273/2015
7/26/2015,6,12725/2015
7/26/2015,6,35891/2015
7/26/2015,110,8362/2015
7/27/2015,110,1529/2014
7/27/2015,110,41729/2015
7/27/2015,110,47390/2015
7/28/2015,6,23746/2015
8/1/2015,110,12689/2015
8/1/2015,20,40489/2015
8/1/2015,55,40489/2015
8/1/2015,121,49913/2015
8/2/2015,55,45942/2015
8/3/2015,20,2013/2015
8/3/2015,130,96730/2014
8/4/2015,151,24405/2014
8/4/2015,55,6276/2015
8/5/2015,55,25925/2015
8/6/2015,20,42533/2015
8/6/2015,6,48477/2015
8/7/2015,151,33601/2014
8/7/2015,20,44309/2015
8/8/2015,110,99349/2015
8/9/2015,6,73744/2015
8/9/2015,20,83271/2015
8/9/2015,55,83271/2015
8/10/2015,55,21971/2015
8/10/2015,110,21971/2015
8/11/2015,6,20762/2015
8/11/2015,181,28585/2014
8/11/2015,55,3799/2015
8/11/2015,110,3799/2015
8/11/2015,110,59903/2015
8/12/2015,110,21788/2014
8/12/2015,20,32985/2015
8/12/2015,20,60972/2015
8/12/2015,20,95696/2015
8/13/2015,110,31263/2015
8/13/2015,110,48333/2015
8/13/2015,20,56888/2015
8/13/2015,121,67164/2015
8/14/2015,6,42446/2015
8/14/2015,6,58264/2015
8/15/2015,110,27825/2015
8/15/2015,110,89647/2015
8/15/2015,110,97402/2015
8/16/2015,20,1273/2015
8/16/2015,110,47281/2015
8/16/2015,110,65764/2015
8/17/2015,6,30548/2015
8/17/2015,20,77406/2015
8/19/2015,55,61384/2015
8/20/2015,55,17735/2015
8/20/2015,55,38415/2015
8/20/2015,20,80316/2015
8/21/2015,110,29818/2014
8/21/2015,55,97531/2015
8/22/2015,6,37806/2015
8/23/2015,6,12090/2015
8/23/2015,151,70951/2015
8/24/2015,110,14994/2015
8/24/2015,6,46134/2015
8/25/2015,6,36082/2015
8/25/2015,6,48044/2015
8/25/2015,110,56897/2014
8/26/2015,20,35891/2015
8/26/2015,6,41775/2015
8/26/2015,20,50157/2015
8/26/2015,110,72258/2015
8/27/2015,6,47373/2015
8/28/2015,181,90074/2014
9/1/2015,6,82959/2015
9/2/2015,20,28082/2015
9/2/2015,110,41180/2015
9/3/2015,6,38965/2015
9/4/2015,55,85554/2015
9/5/2015,110,37004/2015
9/5/2015,110,41051/2015
9/5/2015,6,71236/2015
9/6/2015,20,17760/2015
9/6/2015,55,42533/2015
9/6/2015,20,48477/2015
9/6/2015,110,63108/2015
9/6/2015,55,91739/2015
9/6/2015,6,96748/2015
9/7/2015,55,11011/2015
9/7/2015,55,44309/2015
9/7/2015,55,52592/2015
9/7/2015,110,52592/2015
9/7/2015,6,93663/2015
9/8/2015,110,22004/2015
9/8/2015,151,24838/2014
9/8/2015,145,60394/2015
9/8/2015,6,61931/2015
9/8/2015,6,74905/2015
9/9/2015,6,83114/2015
9/9/2015,6,85607/2015
9/9/2015,121,92338/2014
9/11/2015,20,20762/2015
9/11/2015,130,50051/2014
9/11/2015,55,52102/2015
9/11/2015,110,69551/2015
9/12/2015,110,65272/2015
9/13/2015,121,50207/2015
9/13/2015,55,56888/2015
9/13/2015,110,67164/2015
9/13/2015,6,88046/2015
9/14/2015,110,36900/2015
9/14/2015,20,61398/2015
9/15/2015,110,99796/2015
9/16/2015,55,1273/2015
9/16/2015,55,33118/2015
9/16/2015,6,37681/2015
9/16/2015,6,45714/2015
9/17/2015,6,25523/2015
9/17/2015,20,30548/2015
9/17/2015,6,71507/2015
9/18/2015,6,41944/2015
9/19/2015,55,21325/2015
9/19/2015,110,21325/2015
9/19/2015,55,5209/2015
9/20/2015,151,19873/2014
9/20/2015,55,23988/2015
9/20/2015,55,97454/2015
9/21/2015,110,9239/2015
9/21/2015,145,9239/2015
9/21/2015,6,95838/2015
9/23/2015,190,41449/2014
9/23/2015,130,57168/2015
9/23/2015,110,70951/2015
9/24/2015,6,94817/2015
9/25/2015,55,53984/2015
9/25/2015,110,53984/2015
9/26/2015,20,12725/2015
9/26/2015,55,12725/2015
9/26/2015,55,35891/2015
9/26/2015,20,41775/2015
9/26/2015,6,43628/2015
9/26/2015,55,50157/2015
9/26/2015,110,65122/2015
9/27/2015,20,47373/2015
9/27/2015,121,47390/2015
9/28/2015,6,11322/2015
9/28/2015,110,12892/2015
9/28/2015,20,23746/2015
9/28/2015,55,23746/2015
9/28/2015,190,48277/2014
10/2/2015,110,45942/2015
10/2/2015,6,97008/2015
10/3/2015,110,19058/2015
10/3/2015,55,2013/2015
10/3/2015,110,2013/2015
10/3/2015,20,38965/2015
10/3/2015,145,59224/2014
10/4/2015,121,24153/2015
10/4/2015,110,2882/2015
10/4/2015,121,29905/2014
10/4/2015,110,58961/2015
10/4/2015,6,60069/2015
10/4/2015,110,85554/2015
10/5/2015,110,25925/2015
10/6/2015,6,38239/2015
10/6/2015,55,48477/2015
10/6/2015,20,96748/2015
10/7/2015,110,11011/2015
10/7/2015,121,1190/2015
10/7/2015,6,18978/2015
10/7/2015,6,2145/2015
10/7/2015,6,26733/2015
10/7/2015,20,93663/2015
10/8/2015,110,60394/2015
10/8/2015,20,61931/2015
10/9/2015,20,73744/2015
10/9/2015,20,85607/2015
10/10/2015,130,21971/2015
10/10/2015,6,4396/2015
10/11/2015,151,81725/2015
10/11/2015,151,87885/2015
10/12/2015,110,14989/2015
10/12/2015,55,32985/2015
10/12/2015,55,60972/2015
10/12/2015,130,68211/2014
10/12/2015,6,88872/2015
10/12/2015,55,95696/2015
10/13/2015,55,13879/2015
10/13/2015,6,27444/2015
10/13/2015,151,31263/2015
10/13/2015,110,50207/2015
10/14/2015,6,41291/2015
10/14/2015,20,42446/2015
10/14/2015,55,42446/2015
10/14/2015,20,58264/2015
10/14/2015,55,61398/2015
10/15/2015,6,3446/2015
10/16/2015,20,37681/2015
10/17/2015,6,48655/2015
10/17/2015,20,71507/2015
10/18/2015,20,41944/2015
10/18/2015,6,75346/2015
10/19/2015,121,1973/2015
10/19/2015,110,5209/2015
10/20/2015,110,23988/2015
10/20/2015,55,26320/2015
10/20/2015,55,80316/2015
10/20/2015,121,87479/2015
10/21/2015,6,26295/2015
10/21/2015,20,95838/2015
10/21/2015,110,97531/2015
10/22/2015,20,37806/2015
10/22/2015,110,73286/2015
10/23/2015,20,12090/2015
10/23/2015,6,3087/2015
10/24/2015,110,19690/2015
10/24/2015,20,46134/2015
10/24/2015,110,77823/2015
10/24/2015,20,94817/2015
10/25/2015,6,15984/2015
10/25/2015,20,36082/2015
10/25/2015,55,36082/2015
10/25/2015,20,48044/2015
10/25/2015,110,63168/2015
10/27/2015,55,47373/2015
10/27/2015,110,64899/2015
10/28/2015,6,59901/2015
11/1/2015,121,61410/2014
11/1/2015,20,82959/2015
11/2/2015,55,28082/2015
11/3/2015,6,28426/2015
11/3/2015,6,6730/2015
11/4/2015,20,60069/2015
11/5/2015,151,41051/2015
11/5/2015,20,71236/2015
11/5/2015,55,71236/2015
11/6/2015,55,17760/2015
11/6/2015,6,96942/2015
11/7/2015,110,1190/2015
11/7/2015,6,54562/2015
11/7/2015,55,93663/2015
11/8/2015,55,61931/2015
11/8/2015,20,74905/2015
11/9/2015,6,23391/2015
11/9/2015,55,73744/2015
11/9/2015,20,83114/2015
11/9/2015,55,83114/2015
11/9/2015,6,83643/2015
11/10/2015,6,49608/2015
11/10/2015,6,99079/2015
11/11/2015,55,20762/2015
11/11/2015,130,3799/2015
11/11/2015,110,52102/2015
11/12/2015,6,20207/2015
11/12/2015,6,51997/2015
11/12/2015,110,60972/2015
11/12/2015,110,77445/2015
11/12/2015,151,77445/2015
11/12/2015,20,88872/2015
11/13/2015,20,27444/2015
11/13/2015,110,56888/2015
11/13/2015,20,88046/2015
11/13/2015,55,88046/2015
11/14/2015,151,36900/2015
11/14/2015,20,41291/2015
11/14/2015,55,58264/2015
11/14/2015,110,61398/2015
11/14/2015,6,92828/2015
11/15/2015,20,3446/2015
11/16/2015,110,33118/2015
11/16/2015,55,37681/2015
11/16/2015,20,45714/2015
11/16/2015,55,45714/2015
11/17/2015,20,25523/2015
11/17/2015,55,30548/2015
11/17/2015,6,75581/2015
11/17/2015,55,77406/2015
11/17/2015,110,77406/2015
11/18/2015,55,41944/2015
11/18/2015,20,75346/2015
11/19/2015,110,61384/2015
11/20/2015,110,17735/2015
11/20/2015,110,26320/2015
11/20/2015,6,84211/2015
11/21/2015,130,88163/2015
11/22/2015,55,37806/2015
11/23/2015,20,3087/2015
11/23/2015,110,57168/2015
11/24/2015,145,14994/2015
11/24/2015,55,46134/2015
11/25/2015,145,53984/2015
11/26/2015,6,33447/2015
11/26/2015,55,41775/2015
11/26/2015,20,43628/2015
11/26/2015,55,43628/2015
11/26/2015,110,50157/2015
11/27/2015,6,30617/2015
11/27/2015,6,30634/2015
11/28/2015,20,11322/2015
11/28/2015,55,11322/2015
11/28/2015,6,91649/2015
12/1/2015,110,40489/2015
12/1/2015,55,82959/2015
12/2/2015,110,28082/2015
12/2/2015,20,97008/2015
12/2/2015,55,97008/2015
12/2/2015,6,98929/2015
12/3/2015,20,28426/2015
12/3/2015,55,38965/2015
12/3/2015,20,6730/2015
12/4/2015,110,24153/2015
12/4/2015,55,60069/2015
12/4/2015,6,9996/2015
12/5/2015,6,75996/2015
12/6/2015,20,38239/2015
12/6/2015,55,38239/2015
12/6/2015,110,42533/2015
12/6/2015,6,49318/2015
12/6/2015,110,91739/2015
12/7/2015,20,18978/2015
12/7/2015,20,2145/2015
12/7/2015,20,26733/2015
12/7/2015,55,26733/2015
12/7/2015,121,52592/2015
12/8/2015,55,74905/2015
12/8/2015,151,99349/2015
12/9/2015,20,23391/2015
12/9/2015,6,40008/2015
12/9/2015,110,83271/2015
12/9/2015,20,83643/2015
12/9/2015,55,85607/2015
12/10/2015,6,12706/2015
12/10/2015,20,4396/2015
12/10/2015,55,4396/2015
12/10/2015,20,49608/2015
12/11/2015,110,20762/2015
12/11/2015,121,69551/2015
12/12/2015,20,20207/2015
12/12/2015,20,51997/2015
12/12/2015,110,95696/2015
12/13/2015,110,13879/2015
12/13/2015,6,54258/2015
12/14/2015,110,42446/2015
12/14/2015,110,58264/2015
12/14/2015,6,73432/2015
12/14/2015,20,92828/2015
12/15/2015,145,27302/2015
12/16/2015,6,66422/2015
12/17/2015,55,25523/2015
12/17/2015,20,48655/2015
12/17/2015,55,48655/2015
12/17/2015,55,71507/2015
12/17/2015,20,75581/2015
12/18/2015,6,11333/2015
12/19/2015,145,5209/2015
12/19/2015,6,58535/2015
12/20/2015,110,38415/2015
12/21/2015,20,26295/2015
12/21/2015,6,67449/2015
12/22/2015,6,37198/2015
12/23/2015,55,12090/2015
12/23/2015,55,3087/2015
12/24/2015,6,91147/2015
12/25/2015,20,15984/2015
12/25/2015,55,15984/2015
12/25/2015,55,48044/2015
12/25/2015,151,56897/2014
12/25/2015,130,77273/2015
12/26/2015,20,33447/2015
12/26/2015,110,41775/2015
12/26/2015,6,52849/2015
12/27/2015,151,1529/2014
12/27/2015,20,30617/2015
12/27/2015,6,33124/2015
12/28/2015,20,59901/2015
1/1/2016,110,82959/2015
1/1/2016,6,93976/2016
1/2/2016,130,45942/2015
1/2/2016,6,75302/2016
1/2/2016,20,98929/2015
1/3/2016,6,68135/2016
1/4/2016,110,6276/2015
1/4/2016,20,9996/2015
1/5/2016,110,71236/2015
1/5/2016,20,75996/2015
1/6/2016,55,96748/2015
1/6/2016,110,96748/2015
1/6/2016,20,96942/2015
1/6/2016,55,96942/2015
1/7/2016,55,2145/2015
1/7/2016,6,44703/2016
1/7/2016,145,54197/2015
1/7/2016,20,54562/2015
1/8/2016,182,15804/2014
1/8/2016,110,61931/2015
1/9/2016,121,54609/2015
1/9/2016,55,83643/2015
1/9/2016,110,85607/2015
1/10/2016,20,12706/2015
1/10/2016,110,48067/2015
1/10/2016,20,99079/2015
1/10/2016,55,99079/2015
1/11/2016,6,81258/2016
1/12/2016,55,51997/2015
1/12/2016,6,87535/2016
1/13/2016,6,20649/2016
1/13/2016,6,36274/2016
1/14/2016,20,73432/2015
1/14/2016,55,92828/2015
1/16/2016,6,71119/2016
1/18/2016,6,33455/2016
1/20/2016,20,84211/2015
1/20/2016,110,97454/2015
1/21/2016,20,67449/2015
1/21/2016,55,95838/2015
1/21/2016,110,95838/2015
1/22/2016,6,15425/2016
1/22/2016,110,37806/2015
1/24/2016,6,15841/2016
1/24/2016,6,37463/2016
1/24/2016,110,46134/2015
1/24/2016,55,94817/2015
1/24/2016,110,94817/2015
1/25/2016,6,33256/2016
1/25/2016,110,48044/2015
1/26/2016,110,12725/2015
1/26/2016,110,35891/2015
1/26/2016,20,52849/2015
1/26/2016,130,72258/2015
1/26/2016,190,88164/2014
1/27/2016,55,30617/2015
1/27/2016,20,30634/2015
1/27/2016,55,30634/2015
1/27/2016,20,33124/2015
1/27/2016,130,41729/2015
1/28/2016,20,91649/2015
2/2/2016,151,41180/2015
2/2/2016,6,56905/2016
2/2/2016,20,75302/2016
2/2/2016,55,98929/2015
2/3/2016,130,19058/2015
2/3/2016,6,22319/2016
2/3/2016,55,28426/2015
2/3/2016,55,6730/2015
2/4/2016,130,2882/2015
2/4/2016,182,58961/2015
2/4/2016,6,61375/2016
2/4/2016,55,9996/2015
2/5/2016,6,5526/2016
2/5/2016,55,75996/2015
2/6/2016,110,17760/2015
2/6/2016,20,49318/2015
2/6/2016,55,49318/2015
2/7/2016,55,18978/2015
2/7/2016,110,44309/2015
2/7/2016,55,54562/2015
2/7/2016,6,84886/2016
2/8/2016,6,84904/2016
2/9/2016,20,40008/2015
2/9/2016,55,40008/2015
2/10/2016,110,4396/2015
2/11/2016,6,24401/2016
2/11/2016,121,59903/2015
2/11/2016,20,81258/2016
2/11/2016,6,98748/2016
2/12/2016,55,20207/2015
2/12/2016,6,88518/2016
2/12/2016,55,88872/2015
2/12/2016,110,88872/2015
2/13/2016,20,20649/2016
2/13/2016,55,27444/2015
2/13/2016,110,27444/2015
2/13/2016,20,54258/2015
2/13/2016,110,88046/2015
2/14/2016,55,41291/2015
2/15/2016,55,3446/2015
2/15/2016,145,89647/2015
2/16/2016,6,17755/2016
2/16/2016,110,45714/2015
2/16/2016,6,50219/2016
2/16/2016,20,66422/2015
2/16/2016,55,66422/2015
2/16/2016,20,71119/2016
2/16/2016,151,73487/2015
2/17/2016,110,71507/2015
2/17/2016,55,75581/2015
2/18/2016,20,11333/2015
2/18/2016,6,62689/2016
2/18/2016,55,75346/2015
2/18/2016,6,95801/2016
2/19/2016,20,58535/2015
2/20/2016,121,23988/2015
2/21/2016,55,26295/2015
2/21/2016,6,98282/2016
2/22/2016,20,37198/2015
2/23/2016,110,12090/2015
2/23/2016,110,3087/2015
2/23/2016,6,47170/2016
2/23/2016,6,67127/2016
2/24/2016,6,78459/2016
2/24/2016,20,91147/2015
2/25/2016,6,13934/2016
2/25/2016,20,33256/2016
2/25/2016,110,36082/2015
2/25/2016,151,48044/2015
2/25/2016,151,74579/2015
2/25/2016,182,9942/2014
2/26/2016,55,33447/2015
2/26/2016,6,38547/2016
2/26/2016,130,8362/2015
2/27/2016,55,33124/2015
2/27/2016,6,66543/2016
2/28/2016,6,10975/2016
2/28/2016,121,12892/2015
2/28/2016,6,45967/2016
2/28/2016,55,59901/2015
2/28/2016,55,91649/2015
2/28/2016,6,96913/2016
3/1/2016,20,93976/2016
3/1/2016,55,93976/2016
3/1/2016,6,98549/2016
3/2/2016,20,56905/2016
3/2/2016,55,75302/2016
3/3/2016,121,2013/2015
3/3/2016,20,22319/2016
3/3/2016,6,27262/2016
3/3/2016,20,68135/2016
3/3/2016,55,68135/2016
3/4/2016,20,61375/2016
3/5/2016,20,5526/2016
3/6/2016,110,38239/2015
3/6/2016,110,96942/2015
3/7/2016,190,1190/2015
3/7/2016,182,16456/2014
3/7/2016,110,18978/2015
3/7/2016,20,44703/2016
3/7/2016,130,93663/2015
3/7/2016,6,97698/2016
3/9/2016,55,23391/2015
3/9/2016,151,83271/2015
3/9/2016,6,91957/2016
3/10/2016,55,49608/2015
3/11/2016,20,24401/2016
3/11/2016,6,80500/2016
3/11/2016,20,98748/2016
3/12/2016,110,32985/2015
3/12/2016,151,32985/2015
3/12/2016,20,87535/2016
3/13/2016,20,36274/2016
3/13/2016,55,36274/2016
3/14/2016,6,40268/2016
3/14/2016,55,73432/2015
3/14/2016,190,76456/2014
3/14/2016,110,92828/2015
3/14/2016,6,97638/2016
3/15/2016,6,15833/2016
3/15/2016,182,27302/2015
3/15/2016,145,97402/2015
3/16/2016,110,1273/2015
3/16/2016,110,37681/2015
3/16/2016,20,50219/2016
3/16/2016,190,98788/2014
3/17/2016,110,75581/2015
3/17/2016,121,77406/2015
3/18/2016,20,33455/2016
3/18/2016,55,33455/2016
3/18/2016,110,41944/2015
3/18/2016,20,62689/2016
3/18/2016,6,91710/2016
3/18/2016,20,95801/2016
3/19/2016,6,53007/2016
3/19/2016,6,63052/2016
3/19/2016,6,79415/2016
3/20/2016,110,80316/2015
3/20/2016,151,80316/2015
3/20/2016,55,84211/2015
3/20/2016,6,90037/2016
3/21/2016,110,26295/2015
3/21/2016,6,57112/2016
3/21/2016,20,98282/2016
3/22/2016,20,15425/2016
3/22/2016,55,15425/2016
3/22/2016,55,37198/2015
3/23/2016,20,67127/2016
3/24/2016,20,15841/2016
3/24/2016,55,15841/2016
3/24/2016,20,37463/2016
3/24/2016,55,91147/2015
3/25/2016,130,36082/2015
3/26/2016,20,38547/2016
3/26/2016,6,84692/2016
3/27/2016,6,18295/2016
3/27/2016,20,66543/2016
3/28/2016,20,10975/2016
3/28/2016,110,23746/2015
3/28/2016,110,59901/2015
3/28/2016,110,91649/2015
4/1/2016,151,40489/2015
4/1/2016,20,98549/2016
4/3/2016,6,59891/2016
4/3/2016,6,64904/2016
4/4/2016,6,39096/2016
4/4/2016,110,60069/2015
4/4/2016,145,60069/2015
4/4/2016,130,6276/2015
4/5/2016,55,5526/2016
4/5/2016,110,75996/2015
4/6/2016,6,10269/2016
4/6/2016,6,35960/2016
4/6/2016,110,48477/2015
4/7/2016,151,44309/2015
4/7/2016,55,44703/2016
4/7/2016,20,84886/2016
4/7/2016,55,84886/2016
4/8/2016,110,74905/2015
4/8/2016,20,84904/2016
4/9/2016,110,73744/2015
4/9/2016,20,91957/2016
4/10/2016,55,12706/2015
4/10/2016,151,4396/2015
4/10/2016,110,49608/2015
4/10/2016,110,99079/2015
4/11/2016,130,20762/2015
4/11/2016,55,81258/2016
4/12/2016,20,88518/2016
4/13/2016,55,54258/2015
4/13/2016,110,54258/2015
4/14/2016,20,40268/2016
4/14/2016,6,52011/2016
4/14/2016,20,97638/2016
4/15/2016,20,15833/2016
4/16/2016,20,17755/2016
4/16/2016,121,33118/2015
4/16/2016,55,71119/2016
4/17/2016,110,25523/2015
4/17/2016,110,30548/2015
4/17/2016,110,48655/2015
4/18/2016,55,11333/2015
4/18/2016,6,48916/2016
4/18/2016,6,71070/2016
4/18/2016,55,95801/2016
4/19/2016,6,40581/2016
4/19/2016,20,53007/2016
4/19/2016,55,58535/2015
4/19/2016,20,63052/2016
4/19/2016,20,79415/2016
4/20/2016,6,67269/2016
4/20/2016,145,97454/2015
4/21/2016,55,67449/2015
4/22/2016,110,37198/2015
4/23/2016,6,16031/2016
4/23/2016,6,41065/2016
4/23/2016,20,47170/2016
4/23/2016,55,47170/2016
4/23/2016,55,67127/2016
4/23/2016,6,98322/2016
4/24/2016,20,78459/2016
4/24/2016,55,78459/2016
4/25/2016,20,13934/2016
4/25/2016,55,13934/2016
4/25/2016,110,15984/2015
4/26/2016,55,38547/2016
4/26/2016,55,52849/2015
4/26/2016,110,52849/2015
4/27/2016,20,18295/2016
4/27/2016,110,30634/2015
4/27/2016,6,35711/2016
4/27/2016,110,47373/2015
4/27/2016,121,47373/2015
4/27/2016,55,66543/2016
4/28/2016,20,45967/2016
4/28/2016,151,59901/2015
4/28/2016,20,96913/2016
5/1/2016,6,58271/2016
5/1/2016,145,82959/2015
5/1/2016,55,98549/2016
5/2/2016,6,38839/2016
5/2/2016,55,56905/2016
5/2/2016,110,75302/2016
5/2/2016,110,97008/2015
5/2/2016,110,98929/2015
5/3/2016,20,27262/2016
5/3/2016,110,38965/2015
5/3/2016,20,59891/2016
5/3/2016,20,64904/2016
5/4/2016,55,61375/2016
5/5/2016,6,30339/2016
5/6/2016,20,35960/2016
5/7/2016,110,2145/2015
5/7/2016,110,26733/2015
5/7/2016,110,54562/2015
5/7/2016,6,71028/2016
5/7/2016,110,93663/2015
5/7/2016,20,97698/2016
5/7/2016,55,97698/2016
5/9/2016,6,67614/2016
5/9/2016,110,83114/2015
5/9/2016,55,91957/2016
5/11/2016,55,24401/2016
5/11/2016,6,33396/2016
5/11/2016,20,80500/2016
5/11/2016,55,98748/2016
5/12/2016,145,14989/2015
5/12/2016,55,87535/2016
5/12/2016,55,88518/2016
5/12/2016,121,95696/2015
5/13/2016,55,20649/2016
5/13/2016,145,88046/2015
5/14/2016,110,41291/2015
5/14/2016,55,97638/2016
5/15/2016,6,6144/2016
5/16/2016,55,50219/2016
5/16/2016,110,66422/2015
5/17/2016,121,71507/2015
5/18/2016,20,48916/2016
5/18/2016,20,91710/2016
5/19/2016,55,79415/2016
5/20/2016,145,38415/2015
5/20/2016,20,90037/2016
5/20/2016,55,90037/2016
5/21/2016,20,57112/2016
5/21/2016,151,97531/2015
5/21/2016,55,98282/2016
5/22/2016,6,84208/2016
5/24/2016,55,37463/2016
5/24/2016,110,37463/2016
5/24/2016,145,46134/2015
5/24/2016,110,91147/2015
5/25/2016,55,33256/2016
5/25/2016,110,33256/2016
5/26/2016,110,43628/2015
5/26/2016,20,84692/2016
5/27/2016,55,18295/2016
5/27/2016,6,44286/2016
5/27/2016,6,86332/2016
5/28/2016,55,10975/2016
5/28/2016,110,11322/2015
6/1/2016,6,10288/2016
6/1/2016,6,90235/2016
6/2/2016,6,1861/2016
6/2/2016,6,1881/2016
6/2/2016,20,38839/2016
6/3/2016,55,22319/2016
6/3/2016,110,28426/2015
6/4/2016,20,39096/2016
6/4/2016,6,73129/2016
6/4/2016,6,75459/2016
6/4/2016,151,9996/2015
6/5/2016,20,30339/2016
6/5/2016,181,38667/2014
6/6/2016,20,10269/2016
6/6/2016,55,35960/2016
6/6/2016,6,4153/2016
6/6/2016,110,49318/2015
6/6/2016,130,96942/2015
6/7/2016,130,26733/2015
6/8/2016,6,47013/2016
6/8/2016,55,84904/2016
6/11/2016,20,33396/2016
6/13/2016,110,20649/2016
6/13/2016,182,31263/2015
6/13/2016,110,36274/2016
6/14/2016,6,34460/2016
6/14/2016,55,40268/2016
6/14/2016,130,42446/2015
6/14/2016,20,52011/2016
6/15/2016,55,15833/2016
6/15/2016,6,23701/2016
6/15/2016,110,3446/2015
6/15/2016,20,6144/2016
6/16/2016,55,17755/2016
6/16/2016,130,37681/2015
6/16/2016,145,45714/2015
6/18/2016,110,11333/2015
6/18/2016,6,16084/2016
6/18/2016,55,62689/2016
6/18/2016,20,71070/2016
6/18/2016,110,75346/2015
6/18/2016,182,81186/2014
6/18/2016,55,91710/2016
6/19/2016,20,40581/2016
6/19/2016,55,63052/2016
6/20/2016,6,18083/2016
6/20/2016,20,67269/2016
6/20/2016,110,84211/2015
6/21/2016,55,57112/2016
6/22/2016,121,37198/2015
6/22/2016,6,43457/2016
6/23/2016,130,12090/2015
6/23/2016,20,16031/2016
6/23/2016,55,16031/2016
6/23/2016,20,41065/2016
6/23/2016,20,98322/2016
6/23/2016,55,98322/2016
6/24/2016,6,33838/2016
6/24/2016,6,4084/2016
6/24/2016,6,70588/2016
6/24/2016,6,91257/2016
6/25/2016,6,11427/2016
6/25/2016,190,74579/2015
6/25/2016,6,96184/2016
6/26/2016,145,50157/2015
6/26/2016,6,50518/2016
6/27/2016,20,35711/2016
6/27/2016,6,43056/2016
6/27/2016,110,66543/2016
6/28/2016,55,45967/2016
6/28/2016,6,50968/2016
6/28/2016,55,96913/2016
7/1/2016,20,10288/2016
7/1/2016,6,51570/2016
7/1/2016,20,58271/2016
7/1/2016,55,58271/2016
7/1/2016,110,93976/2016
7/1/2016,110,98549/2016
7/2/2016,20,1861/2016
7/2/2016,20,1881/2016
7/2/2016,6,19136/2016
7/3/2016,55,27262/2016
7/3/2016,110,27262/2016
7/3/2016,110,6730/2015
7/3/2016,110,68135/2016
7/4/2016,20,73129/2016
7/4/2016,20,75459/2016
7/4/2016,110,9996/2015
7/6/2016,55,10269/2016
7/6/2016,182,25483/2014
7/6/2016,20,4153/2016
7/6/2016,151,49318/2015
7/7/2016,145,18978/2015
7/7/2016,6,46683/2016
7/7/2016,20,71028/2016
7/7/2016,55,71028/2016
7/7/2016,6,77278/2016
7/8/2016,121,61931/2015
7/9/2016,110,23391/2015
7/9/2016,151,23391/2015
7/9/2016,20,67614/2016
7/9/2016,121,73744/2015
7/9/2016,151,83114/2015
7/9/2016,110,83643/2015
7/10/2016,151,49608/2015
7/11/2016,190,52102/2015
7/11/2016,55,80500/2016
7/11/2016,110,80500/2016
7/11/2016,110,81258/2016
7/12/2016,110,20207/2015
7/12/2016,110,51997/2015
7/12/2016,181,68211/2014
7/12/2016,110,87535/2016
7/14/2016,20,34460/2016
7/14/2016,110,73432/2015
7/14/2016,130,92828/2015
7/15/2016,110,15833/2016
7/15/2016,6,66437/2016
7/15/2016,6,89862/2016
7/16/2016,151,1273/2015
7/16/2016,110,50219/2016
7/17/2016,121,48655/2015
7/18/2016,6,21431/2016
7/18/2016,110,91710/2016
7/19/2016,55,40581/2016
7/19/2016,6,46693/2016
7/19/2016,55,53007/2016
7/20/2016,20,18083/2016
7/20/2016,110,90037/2016
7/21/2016,6,19535/2016
7/21/2016,145,26295/2015
7/21/2016,181,29818/2014
7/21/2016,110,67449/2015
7/22/2016,110,15425/2016
7/22/2016,151,37806/2015
7/22/2016,20,84208/2016
7/23/2016,55,41065/2016
7/23/2016,110,47170/2016
7/23/2016,6,61091/2016
7/24/2016,110,15841/2016
7/24/2016,20,4084/2016
7/24/2016,20,70588/2016
7/25/2016,20,11427/2016
7/25/2016,151,33256/2016
7/25/2016,6,36629/2016
7/26/2016,110,33447/2015
7/26/2016,20,50518/2016
7/26/2016,181,72258/2015
7/26/2016,55,84692/2016
7/26/2016,110,84692/2016
7/27/2016,6,13577/2016
7/27/2016,110,30617/2015
7/27/2016,130,33124/2015
7/27/2016,6,35167/2016
7/27/2016,55,35711/2016
7/27/2016,20,43056/2016
7/27/2016,20,44286/2016
7/27/2016,55,44286/2016
7/27/2016,20,86332/2016
7/28/2016,190,12892/2015
7/28/2016,110,45967/2016
7/28/2016,20,50968/2016
8/1/2016,20,90235/2016
8/2/2016,55,1861/2016
8/2/2016,55,1881/2016
8/2/2016,20,19136/2016
8/2/2016,6,39828/2016
8/2/2016,110,56905/2016
8/2/2016,145,97008/2015
8/3/2016,55,59891/2016
8/3/2016,55,64904/2016
8/3/2016,151,68135/2016
8/4/2016,55,39096/2016
8/4/2016,110,39096/2016
8/5/2016,55,30339/2016
8/5/2016,130,71236/2015
8/5/2016,6,89251/2016
8/6/2016,110,35960/2016
8/6/2016,6,63941/2016
8/7/2016,145,54562/2015
8/7/2016,6,73132/2016
8/8/2016,6,23965/2016
8/8/2016,20,47013/2016
8/8/2016,55,47013/2016
8/9/2016,6,19257/2016
8/9/2016,110,40008/2015
8/9/2016,55,67614/2016
8/9/2016,6,73055/2016
8/10/2016,110,12706/2015
8/11/2016,6,42087/2016
8/11/2016,130,81258/2016
8/13/2016,121,36274/2016
8/14/2016,6,23935/2016
8/14/2016,110,40268/2016
8/14/2016,55,52011/2016
8/15/2016,20,23701/2016
8/15/2016,55,23701/2016
8/15/2016,121,3446/2015
8/15/2016,55,6144/2016
8/15/2016,6,67444/2016
8/15/2016,20,89862/2016
8/16/2016,6,35034/2016
8/16/2016,110,71119/2016
8/18/2016,20,16084/2016
8/18/2016,110,33455/2016
8/18/2016,55,48916/2016
8/18/2016,6,59491/2016
8/18/2016,55,71070/2016
8/18/2016,110,71070/2016
8/19/2016,6,15280/2016
8/19/2016,110,58535/2015
8/19/2016,110,79415/2016
8/20/2016,6,4037/2016
8/20/2016,55,67269/2016
8/21/2016,110,98282/2016
8/22/2016,20,43457/2016
8/22/2016,6,59598/2016
8/22/2016,55,84208/2016
8/23/2016,6,30428/2016
8/23/2016,151,3087/2015
8/23/2016,6,32934/2016
8/23/2016,145,47170/2016
8/24/2016,20,33838/2016
8/24/2016,55,33838/2016
8/24/2016,20,91257/2016
8/24/2016,151,94817/2015
8/25/2016,55,11427/2016
8/25/2016,20,96184/2016
8/25/2016,55,96184/2016
8/26/2016,6,27318/2016
8/26/2016,130,38547/2016
8/26/2016,182,41775/2015
8/27/2016,20,13577/2016
8/27/2016,110,18295/2016
8/27/2016,121,30634/2015
8/27/2016,110,33124/2015
8/27/2016,20,35167/2016
8/27/2016,55,86332/2016
8/28/2016,6,63096/2016
8/28/2016,6,64167/2016
8/28/2016,110,96913/2016
9/1/2016,55,10288/2016
9/1/2016,20,51570/2016
9/1/2016,55,51570/2016
9/1/2016,110,58271/2016
9/1/2016,55,90235/2016
9/2/2016,6,21006/2016
9/2/2016,55,38839/2016
9/2/2016,20,39828/2016
9/2/2016,181,80471/2014
9/3/2016,110,22319/2016
9/3/2016,151,38965/2015
9/3/2016,110,59891/2016
9/5/2016,6,21181/2016
9/5/2016,20,89251/2016
9/7/2016,110,44703/2016
9/7/2016,20,46683/2016
9/7/2016,110,71028/2016
9/7/2016,20,77278/2016
9/7/2016,55,77278/2016
9/7/2016,110,84886/2016
9/8/2016,181,60394/2015
9/8/2016,130,74905/2015
9/8/2016,110,84904/2016
9/8/2016,6,86990/2016
9/9/2016,6,22229/2016
9/9/2016,110,91957/2016
9/11/2016,110,24401/2016
9/11/2016,55,33396/2016
9/11/2016,110,33396/2016
9/11/2016,110,98748/2016
9/12/2016,110,88518/2016
9/13/2016,6,21232/2016
9/13/2016,6,42497/2016
9/13/2016,190,56888/2015
9/13/2016,181,88046/2015
9/14/2016,151,41291/2015
9/14/2016,6,61956/2016
9/15/2016,6,11237/2016
9/15/2016,6,64016/2016
9/15/2016,20,66437/2016
9/15/2016,55,66437/2016
9/15/2016,55,89862/2016
9/16/2016,20,35034/2016
9/16/2016,6,40992/2016
9/16/2016,130,66422/2015
9/17/2016,151,25523/2015
9/18/2016,121,11333/2015
9/18/2016,55,16084/2016
9/18/2016,20,21431/2016
9/18/2016,55,21431/2016
9/18/2016,20,59491/2016
9/18/2016,110,62689/2016
9/18/2016,110,95801/2016
9/19/2016,20,15280/2016
9/19/2016,20,46693/2016
9/19/2016,55,46693/2016
9/20/2016,55,18083/2016
9/20/2016,110,67269/2016
9/20/2016,121,84211/2015
9/21/2016,20,19535/2016
9/21/2016,55,19535/2016
9/21/2016,6,77473/2016
9/22/2016,55,43457/2016
9/22/2016,20,59598/2016
9/23/2016,20,30428/2016
9/23/2016,20,32934/2016
9/23/2016,20,61091/2016
9/24/2016,181,67507/2014
9/24/2016,130,91147/2015
9/24/2016,55,91257/2016
9/25/2016,110,13934/2016
9/25/2016,151,13934/2016
9/25/2016,20,36629/2016
9/27/2016,55,13577/2016
9/27/2016,130,30617/2015
9/27/2016,55,35167/2016
9/27/2016,110,44286/2016
9/27/2016,110,86332/2016
9/28/2016,55,50968/2016
9/28/2016,20,63096/2016
10/2/2016,55,19136/2016
10/2/2016,110,38839/2016
10/2/2016,55,39828/2016
10/2/2016,130,75302/2016
10/3/2016,6,30878/2016
10/3/2016,151,59891/2016
10/3/2016,6,66984/2016
10/3/2016,145,6730/2015
10/4/2016,6,50265/2016
10/4/2016,110,61375/2016
10/4/2016,55,73129/2016
10/4/2016,55,75459/2016
10/4/2016,6,83090/2016
10/5/2016,110,5526/2016
10/6/2016,110,10269/2016
10/6/2016,55,4153/2016
10/6/2016,110,4153/2016
10/6/2016,20,63941/2016
10/7/2016,6,36643/2016
10/7/2016,190,44309/2015
10/7/2016,20,73132/2016
10/7/2016,55,73132/2016
10/7/2016,110,97698/2016
10/8/2016,20,23965/2016
10/8/2016,55,23965/2016
10/8/2016,20,86990/2016
10/9/2016,20,19257/2016
10/9/2016,20,22229/2016
10/9/2016,6,62503/2016
10/9/2016,110,67614/2016
10/9/2016,20,73055/2016
10/9/2016,6,83187/2016
10/10/2016,121,12706/2015
10/10/2016,181,56004/2014
10/10/2016,130,99079/2015
10/11/2016,20,42087/2016
10/11/2016,6,95976/2016
10/12/2016,151,51997/2015
10/12/2016,6,87372/2016
10/12/2016,130,88518/2016
10/12/2016,121,88872/2015
10/13/2016,20,42497/2016
10/13/2016,121,54258/2015
10/14/2016,20,23935/2016
10/14/2016,55,34460/2016
10/14/2016,20,61956/2016
10/15/2016,20,11237/2016
10/15/2016,190,45124/2014
10/15/2016,20,64016/2016
10/15/2016,20,67444/2016
10/15/2016,55,67444/2016
10/15/2016,6,71851/2016
10/16/2016,110,17755/2016
10/16/2016,181,38268/2014
10/16/2016,20,40992/2016
10/16/2016,6,75624/2016
10/18/2016,6,61521/2016
10/18/2016,190,75346/2015
10/18/2016,6,76605/2016
10/19/2016,55,15280/2016
10/19/2016,6,40562/2016
10/19/2016,110,53007/2016
10/19/2016,110,63052/2016
10/19/2016,130,63052/2016
10/19/2016,6,90526/2016
10/20/2016,20,4037/2016
10/20/2016,6,86175/2016
10/20/2016,6,91349/2016
10/20/2016,6,97813/2016
10/21/2016,110,57112/2016
10/22/2016,110,43457/2016
10/22/2016,6,46451/2016
10/22/2016,6,89673/2016
10/23/2016,55,30428/2016
10/23/2016,55,32934/2016
10/23/2016,110,41065/2016
10/23/2016,55,61091/2016
10/23/2016,110,67127/2016
10/24/2016,55,4084/2016
10/24/2016,55,70588/2016
10/24/2016,110,78459/2016
10/24/2016,121,78459/2016
10/24/2016,6,83323/2016
10/26/2016,20,27318/2016
10/26/2016,110,38547/2016
10/26/2016,55,50518/2016
10/26/2016,121,84692/2016
10/27/2016,6,16374/2016
10/27/2016,6,19340/2016
10/27/2016,130,35711/2016
10/27/2016,55,43056/2016
10/28/2016,110,10975/2016
10/28/2016,110,50968/2016
10/28/2016,20,64167/2016
10/28/2016,55,64167/2016
11/1/2016,182,74726/2015
11/1/2016,145,93976/2016
11/1/2016,6,99184/2016
11/2/2016,110,1881/2016
11/2/2016,20,21006/2016
11/2/2016,190,97008/2015
11/3/2016,6,31493/2016
11/3/2016,6,4104/2016
11/3/2016,110,64904/2016
11/3/2016,20,66984/2016
11/4/2016,20,83090/2016
11/5/2016,20,21181/2016
11/5/2016,55,21181/2016
11/6/2016,55,63941/2016
11/6/2016,6,84634/2016
11/7/2016,20,36643/2016
11/7/2016,55,46683/2016
11/7/2016,130,71028/2016
11/8/2016,145,84904/2016
11/9/2016,55,19257/2016
11/9/2016,20,62503/2016
11/11/2016,55,42087/2016
11/11/2016,6,62000/2016
11/11/2016,6,62348/2016
11/11/2016,20,95976/2016
11/12/2016,6,21253/2016
11/13/2016,20,21232/2016
11/13/2016,6,33931/2016
11/14/2016,6,30504/2016
11/14/2016,182,30579/2014
11/14/2016,110,34460/2016
11/14/2016,110,52011/2016
11/14/2016,110,97638/2016
11/15/2016,182,3446/2015
11/15/2016,110,6144/2016
11/15/2016,130,6144/2016
11/15/2016,6,61903/2016
11/15/2016,110,66437/2016
11/15/2016,20,71851/2016
11/15/2016,110,89862/2016
11/16/2016,20,75624/2016
11/18/2016,110,16084/2016
11/18/2016,110,48916/2016
11/18/2016,20,61521/2016
11/18/2016,6,71349/2016
11/18/2016,130,95801/2016
11/19/2016,190,21325/2015
11/19/2016,20,40562/2016
11/19/2016,6,41250/2016
11/19/2016,151,79415/2016
11/19/2016,20,90526/2016
11/20/2016,110,18083/2016
11/20/2016,55,4037/2016
11/20/2016,6,79366/2016
11/20/2016,20,86175/2016
11/20/2016,181,87479/2015
11/20/2016,121,90037/2016
11/20/2016,20,97813/2016
11/21/2016,110,19535/2016
11/21/2016,6,3815/2016
11/21/2016,6,38512/2016
11/21/2016,20,77473/2016
11/21/2016,6,98404/2016
11/22/2016,121,15425/2016
11/22/2016,20,89673/2016
11/23/2016,110,16031/2016
11/23/2016,110,98322/2016
11/24/2016,110,91257/2016
11/25/2016,55,36629/2016
11/25/2016,110,36629/2016
11/25/2016,190,77273/2015
11/26/2016,6,79636/2016
11/27/2016,20,16374/2016
11/27/2016,130,18295/2016
11/27/2016,20,19340/2016
11/27/2016,110,35167/2016
11/27/2016,110,43056/2016
11/28/2016,6,20893/2016
11/28/2016,6,54907/2016
11/28/2016,55,63096/2016
11/28/2016,145,91649/2015
12/1/2016,110,10288/2016
12/1/2016,6,22828/2016
12/1/2016,6,36389/2016
12/1/2016,6,63869/2016
12/1/2016,181,82959/2015
12/1/2016,110,90235/2016
12/1/2016,20,99184/2016
12/2/2016,121,98929/2015
12/3/2016,20,30878/2016
12/3/2016,55,30878/2016
12/3/2016,20,4104/2016
12/3/2016,55,66984/2016
12/4/2016,20,50265/2016
12/4/2016,55,50265/2016
12/4/2016,110,75459/2016
12/4/2016,55,83090/2016
12/4/2016,6,84633/2016
12/5/2016,110,30339/2016
12/5/2016,121,75996/2015
12/5/2016,55,89251/2016
12/5/2016,110,89251/2016
12/6/2016,145,4153/2016
12/7/2016,181,18978/2015
12/7/2016,130,97698/2016
12/8/2016,6,11828/2016
12/8/2016,182,22004/2015
12/8/2016,110,47013/2016
12/8/2016,55,86990/2016
12/9/2016,55,73055/2016
12/9/2016,110,73055/2016
12/9/2016,20,83187/2016
12/9/2016,6,92843/2016
12/10/2016,181,55230/2014
12/11/2016,20,62348/2016
12/12/2016,20,21253/2016
12/12/2016,20,87372/2016
12/12/2016,55,87372/2016
12/13/2016,145,20649/2016
12/13/2016,20,33931/2016
12/13/2016,55,42497/2016
12/14/2016,55,23935/2016
12/14/2016,6,77402/2016
12/15/2016,55,11237/2016
12/15/2016,20,61903/2016
12/15/2016,55,71851/2016
12/16/2016,182,33118/2015
12/16/2016,55,35034/2016
12/16/2016,55,75624/2016
12/18/2016,55,59491/2016
12/18/2016,20,76605/2016
12/19/2016,6,15272/2016
12/19/2016,55,40562/2016
12/19/2016,110,40581/2016
12/19/2016,20,41250/2016
12/20/2016,6,4008/2016
12/20/2016,121,67269/2016
12/20/2016,20,79366/2016
12/20/2016,20,91349/2016
12/21/2016,20,38512/2016
12/21/2016,6,41038/2016
12/21/2016,151,67449/2015
12/22/2016,20,46451/2016
12/22/2016,55,59598/2016
12/22/2016,110,84208/2016
12/22/2016,130,84208/2016
12/23/2016,110,30428/2016
12/23/2016,6,90803/2016
12/24/2016,6,39557/2016
12/24/2016,121,4084/2016
12/24/2016,110,70588/2016
12/24/2016,20,83323/2016
12/26/2016,55,27318/2016
12/26/2016,110,50518/2016
12/26/2016,6,80682/2016
12/26/2016,6,97540/2016
12/27/2016,55,16374/2016
12/27/2016,110,35711/2016
12/28/2016,20,20893/2016
12/28/2016,151,45967/2016
12/28/2016,6,56436/2016
12/28/2016,110,64167/2016
1/1/2017,55,99184/2016
1/2/2017,145,1881/2016
1/2/2017,55,21006/2016
1/2/2017,110,21006/2016
1/2/2017,110,39828/2016
1/3/2017,121,22319/2016
1/3/2017,20,31493/2016
1/3/2017,55,4104/2016
1/4/2017,110,73129/2016
1/5/2017,6,1835/2017
1/5/2017,130,5526/2016
1/6/2017,20,84634/2016
1/6/2017,55,84634/2016
1/7/2017,55,36643/2016
1/7/2017,110,73132/2016
1/7/2017,151,84886/2016
1/8/2017,110,23965/2016
1/8/2017,6,29255/2017
1/8/2017,6,88012/2017
1/9/2017,55,22229/2016
1/9/2017,6,49809/2017
1/9/2017,55,83187/2016
1/9/2017,20,92843/2016
1/11/2017,20,62000/2016
1/11/2017,55,95976/2016
1/11/2017,151,98748/2016
1/12/2017,6,55269/2017
1/13/2017,6,14875/2017
1/13/2017,55,21232/2016
1/13/2017,110,42497/2016
1/13/2017,6,71028/2017
1/14/2017,20,30504/2016
1/14/2017,55,61956/2016
1/14/2017,110,61956/2016
1/15/2017,110,23701/2016
1/15/2017,55,61903/2016
1/15/2017,55,64016/2016
1/16/2017,110,35034/2016
1/16/2017,55,40992/2016
1/16/2017,110,40992/2016
1/16/2017,6,56839/2017
1/16/2017,151,71119/2016
1/17/2017,182,53923/2014
1/18/2017,110,21431/2016
1/18/2017,55,61521/2016
1/18/2017,20,71349/2016
1/19/2017,110,15280/2016
1/19/2017,55,90526/2016
1/20/2017,55,86175/2016
1/20/2017,6,90040/2017
1/20/2017,55,91349/2016
1/20/2017,55,97813/2016
1/21/2017,20,3815/2016
1/21/2017,20,41038/2016
1/21/2017,151,57112/2016
1/21/2017,55,77473/2016
1/21/2017,20,98404/2016
1/22/2017,110,59598/2016
1/22/2017,55,89673/2016
1/23/2017,6,30908/2017
1/23/2017,110,32934/2016
1/23/2017,130,61091/2016
1/23/2017,6,7592/2017
1/24/2017,151,33838/2016
1/24/2017,20,39557/2016
1/24/2017,110,4084/2016
1/24/2017,55,83323/2016
1/25/2017,110,11427/2016
1/25/2017,110,96184/2016
1/26/2017,6,16842/2017
1/26/2017,20,79636/2016
1/26/2017,20,80682/2016
1/26/2017,20,97540/2016
1/27/2017,55,19340/2016
1/27/2017,6,26622/2017
1/27/2017,121,66543/2016
1/28/2017,6,29272/2017
1/28/2017,20,54907/2016
1/28/2017,20,56436/2016
1/28/2017,110,63096/2016
2/1/2017,121,10288/2016
2/1/2017,20,22828/2016
2/1/2017,55,22828/2016
2/1/2017,20,36389/2016
2/1/2017,20,63869/2016
2/2/2017,110,1861/2016
2/2/2017,110,19136/2016
2/2/2017,145,38839/2016
2/4/2017,110,83090/2016
2/4/2017,20,84633/2016
2/5/2017,182,41051/2015
2/6/2017,6,5436/2017
2/6/2017,110,63941/2016
2/6/2017,6,75420/2017
2/7/2017,6,11832/2017
2/7/2017,110,36643/2016
2/7/2017,110,46683/2016
2/7/2017,110,77278/2016
2/8/2017,20,11828/2016
2/8/2017,55,11828/2016
2/8/2017,110,86990/2016
2/9/2017,6,36400/2017
2/9/2017,55,62503/2016
2/9/2017,110,83187/2016
2/10/2017,6,96754/2017
2/11/2017,145,24401/2016
2/11/2017,6,30038/2017
2/11/2017,6,44914/2017
2/11/2017,55,62000/2016
2/11/2017,55,62348/2016
2/11/2017,145,80500/2016
2/12/2017,55,21253/2016
2/12/2017,20,55269/2017
2/12/2017,110,87372/2016
2/13/2017,20,14875/2017
2/13/2017,20,71028/2017
2/14/2017,110,23935/2016
2/14/2017,55,30504/2016
2/14/2017,20,77402/2016
2/14/2017,55,77402/2016
2/14/2017,6,88852/2017
2/15/2017,110,11237/2016
2/15/2017,130,15833/2016
2/15/2017,110,71851/2016
2/16/2017,6,90066/2017
2/18/2017,6,69920/2017
2/18/2017,55,76605/2016
2/18/2017,145,91710/2016
2/19/2017,20,15272/2016
2/19/2017,55,15272/2016
2/19/2017,110,40562/2016
2/19/2017,55,41250/2016
2/19/2017,151,46693/2016
2/20/2017,121,18083/2016
2/20/2017,20,4008/2016
2/20/2017,151,4037/2016
2/20/2017,55,79366/2016
2/20/2017,110,91349/2016
2/20/2017,110,97813/2016
2/21/2017,55,3815/2016
2/21/2017,55,38512/2016
2/21/2017,6,88251/2017
2/21/2017,6,91954/2017
2/21/2017,55,98404/2016
2/22/2017,55,46451/2016
2/23/2017,20,30908/2017
2/23/2017,110,61091/2016
2/23/2017,20,90803/2016
2/24/2017,110,33838/2016
2/24/2017,55,39557/2016
2/25/2017,6,14423/2017
2/25/2017,6,38850/2017
2/26/2017,20,16842/2017
2/26/2017,110,27318/2016
2/27/2017,182,95317/2014
2/28/2017,20,29272/2017
2/28/2017,55,56436/2016
2/28/2017,6,74641/2017
3/1/2017,55,36389/2016
3/1/2017,110,51570/2016
3/1/2017,130,51570/2016
3/1/2017,121,90235/2016
3/2/2017,6,2267/2017
3/2/2017,181,75302/2016
3/3/2017,130,27262/2016
3/3/2017,55,31493/2016
3/4/2017,181,44418/2014
3/4/2017,130,75459/2016
3/4/2017,55,84633/2016
3/5/2017,20,1835/2017
3/5/2017,55,1835/2017
3/5/2017,6,60921/2017
3/6/2017,130,10269/2016
3/6/2017,6,21202/2017
3/6/2017,20,75420/2017
3/6/2017,110,84634/2016
3/7/2017,20,11832/2017
3/8/2017,20,29255/2017
3/8/2017,20,88012/2017
3/9/2017,110,19257/2016
3/9/2017,110,22229/2016
3/9/2017,130,22229/2016
3/9/2017,20,49809/2017
3/11/2017,20,30038/2017
3/11/2017,110,42087/2016
3/11/2017,151,42087/2016
3/11/2017,20,44914/2017
3/11/2017,6,49740/2017
3/12/2017,6,76877/2017
3/13/2017,55,14875/2017
3/13/2017,55,33931/2016
3/13/2017,110,33931/2016
3/13/2017,181,98136/2014
3/14/2017,121,23935/2016
3/14/2017,121,34460/2016
3/14/2017,20,88852/2017
3/15/2017,110,64016/2016
3/15/2017,110,67444/2016
3/16/2017,20,56839/2017
3/16/2017,20,90066/2017
3/17/2017,6,67764/2017
3/18/2017,110,59491/2016
3/18/2017,20,69920/2017
3/18/2017,55,71349/2016
3/18/2017,110,71349/2016
3/18/2017,6,89407/2017
3/19/2017,6,46160/2017
3/19/2017,110,46693/2016
3/20/2017,55,4008/2016
3/20/2017,110,79366/2016
3/20/2017,110,86175/2016
3/20/2017,20,90040/2017
3/20/2017,55,90040/2017
3/21/2017,6,64614/2017
3/21/2017,110,77473/2016
3/22/2017,130,43457/2016
3/22/2017,110,89673/2016
3/23/2017,55,30908/2017
3/23/2017,145,41065/2016
3/23/2017,20,7592/2017
3/23/2017,55,7592/2017
3/23/2017,121,98322/2016
3/25/2017,20,14423/2017
3/25/2017,6,51191/2017
3/26/2017,55,16842/2017
3/26/2017,145,50518/2016
3/26/2017,55,79636/2016
3/26/2017,55,97540/2016
3/27/2017,110,13577/2016
3/27/2017,110,19340/2016
3/27/2017,6,23989/2017
3/27/2017,20,26622/2017
3/28/2017,55,20893/2016
3/28/2017,6,40252/2017
3/28/2017,6,4441/2017
3/28/2017,121,50968/2016
3/28/2017,55,54907/2016
4/1/2017,55,63869/2016
4/1/2017,6,72252/2017
4/1/2017,181,93976/2016
4/3/2017,110,4104/2016
4/3/2017,130,64904/2016
4/3/2017,110,66984/2016
4/4/2017,6,52936/2017
4/5/2017,121,21181/2016
4/5/2017,20,60921/2017
4/5/2017,178,68863/2014
4/6/2017,20,21202/2017
4/6/2017,190,38239/2015
4/6/2017,20,5436/2017
4/7/2017,55,11832/2017
4/7/2017,6,47312/2017
4/7/2017,6,55519/2017
4/8/2017,6,37048/2017
4/8/2017,6,42879/2017
4/8/2017,6,98270/2017
4/9/2017,121,19257/2016
4/9/2017,20,36400/2017
4/9/2017,55,36400/2017
4/9/2017,6,54545/2017
4/9/2017,130,83187/2016
4/9/2017,55,92843/2016
4/10/2017,6,11324/2017
4/10/2017,20,96754/2017
4/10/2017,55,96754/2017
4/11/2017,55,30038/2017
4/11/2017,20,49740/2017
4/13/2017,182,13879/2015
4/13/2017,110,21232/2016
4/14/2017,110,30504/2016
4/14/2017,110,77402/2016
4/14/2017,55,88852/2017
4/15/2017,151,23701/2016
4/16/2017,55,56839/2017
4/16/2017,151,75624/2016
4/17/2017,6,53488/2017
4/18/2017,130,21431/2016
4/18/2017,6,62908/2017
4/18/2017,110,76605/2016
4/19/2017,110,15272/2016
4/19/2017,130,40581/2016
4/19/2017,110,41250/2016
4/19/2017,20,46160/2017
4/20/2017,110,4008/2016
4/20/2017,110,4037/2016
4/21/2017,55,41038/2016
4/21/2017,110,41038/2016
4/21/2017,20,88251/2017
4/21/2017,20,91954/2017
4/21/2017,110,98404/2016
4/22/2017,130,59598/2016
4/23/2017,6,27027/2017
4/23/2017,6,71459/2017
4/23/2017,55,90803/2016
4/25/2017,145,11427/2016
4/25/2017,55,14423/2017
4/25/2017,20,38850/2017
4/25/2017,55,38850/2017
4/25/2017,6,58624/2017
4/26/2017,6,25687/2017
4/26/2017,55,80682/2016
4/26/2017,110,80682/2016
4/26/2017,6,8512/2017
4/27/2017,110,16374/2016
4/27/2017,55,26622/2017
4/27/2017,6,85656/2017
4/28/2017,55,29272/2017
4/28/2017,20,4441/2017
4/28/2017,20,74641/2017
5/1/2017,20,72252/2017
5/1/2017,151,99184/2016
5/2/2017,20,2267/2017
5/2/2017,130,39828/2016
5/3/2017,6,47271/2017
5/3/2017,130,66984/2016
5/5/2017,110,1835/2017
5/5/2017,110,21181/2016
5/5/2017,6,56353/2017
5/6/2017,55,21202/2017
5/6/2017,55,5436/2017
5/6/2017,182,63108/2015
5/6/2017,55,75420/2017
5/6/2017,181,79988/2014
5/6/2017,145,84634/2016
5/7/2017,20,55519/2017
5/7/2017,145,73132/2016
5/8/2017,55,29255/2017
5/8/2017,110,29255/2017
5/8/2017,20,37048/2017
5/8/2017,20,42879/2017
5/8/2017,6,81654/2017
5/8/2017,55,88012/2017
5/8/2017,110,88012/2017
5/8/2017,20,98270/2017
5/9/2017,6,37040/2017
5/9/2017,55,49809/2017
5/9/2017,20,54545/2017
5/9/2017,110,62503/2016
5/9/2017,6,87146/2017
5/10/2017,20,11324/2017
5/11/2017,145,62348/2016
5/11/2017,182,81258/2016
5/11/2017,110,95976/2016
5/12/2017,110,21253/2016
5/12/2017,151,21253/2016
5/12/2017,55,55269/2017
5/12/2017,20,76877/2017
5/12/2017,55,76877/2017
5/13/2017,55,71028/2017
5/13/2017,110,71028/2017
5/13/2017,6,93944/2017
5/14/2017,6,6961/2017
5/16/2017,110,56839/2017
5/16/2017,110,75624/2016
5/16/2017,55,90066/2017
5/17/2017,6,25464/2017
5/17/2017,6,65108/2017
5/17/2017,20,67764/2017
5/17/2017,55,67764/2017
5/17/2017,6,95219/2017
5/18/2017,20,62908/2017
5/18/2017,55,69920/2017
5/18/2017,20,89407/2017
5/19/2017,130,40562/2016
5/19/2017,110,90526/2016
5/20/2017,110,90040/2017
5/21/2017,20,64614/2017
5/21/2017,55,64614/2017
5/21/2017,178,76653/2014
5/21/2017,55,88251/2017
5/22/2017,110,46451/2016
5/22/2017,6,90795/2017
5/23/2017,20,27027/2017
5/23/2017,20,71459/2017
5/24/2017,110,39557/2016
5/24/2017,110,83323/2016
5/24/2017,130,83323/2016
5/25/2017,20,51191/2017
5/25/2017,55,51191/2017
5/26/2017,121,79636/2016
5/26/2017,20,8512/2017
5/27/2017,20,23989/2017
5/27/2017,151,43056/2016
5/27/2017,20,85656/2017
5/28/2017,20,40252/2017
5/28/2017,55,40252/2017
5/28/2017,130,63096/2016
5/28/2017,55,74641/2017
6/1/2017,6,11552/2017
6/1/2017,110,22828/2016
6/1/2017,6,71795/2017
6/1/2017,110,99184/2016
6/2/2017,55,2267/2017
6/3/2017,110,30878/2016
6/3/2017,110,31493/2016
6/3/2017,190,59891/2016
6/4/2017,182,24153/2015
6/4/2017,6,43432/2017
6/4/2017,110,50265/2016
6/4/2017,20,52936/2017
6/4/2017,55,52936/2017
6/4/2017,6,59117/2017
6/5/2017,6,22245/2017
6/7/2017,6,33275/2017
6/7/2017,20,47312/2017
6/7/2017,6,82070/2017
6/7/2017,6,89300/2017
6/7/2017,6,98602/2017
6/8/2017,6,41334/2017
6/8/2017,151,47013/2016
6/9/2017,20,37040/2017
6/10/2017,6,83460/2017
6/11/2017,55,44914/2017
6/11/2017,55,49740/2017
6/11/2017,110,62000/2016
6/11/2017,110,62348/2016
6/13/2017,20,93944/2017
6/14/2017,6,15748/2017
6/14/2017,6,3260/2017
6/14/2017,20,6961/2017
6/14/2017,6,73273/2017
6/14/2017,145,77402/2016
6/14/2017,6,83447/2017
6/15/2017,121,11237/2016
6/15/2017,6,51369/2017
6/15/2017,110,61903/2016
6/15/2017,145,66437/2016
6/15/2017,145,89862/2016
6/16/2017,6,50613/2017
6/16/2017,6,73623/2017
6/16/2017,110,90066/2017
6/17/2017,181,48655/2015
6/17/2017,20,53488/2017
6/17/2017,20,65108/2017
6/17/2017,20,95219/2017
6/18/2017,151,59491/2016
6/18/2017,110,61521/2016
6/18/2017,55,62908/2017
6/18/2017,55,89407/2017
6/19/2017,55,46160/2017
6/20/2017,145,79366/2016
6/20/2017,145,97813/2016
6/21/2017,110,38512/2016
6/21/2017,55,91954/2017
6/22/2017,6,12696/2017
6/22/2017,151,46451/2016
6/23/2017,55,27027/2017
6/23/2017,151,32934/2016
6/24/2017,182,37463/2016
6/24/2017,181,46134/2015
6/25/2017,110,38850/2017
6/25/2017,20,58624/2017
6/26/2017,20,25687/2017
6/26/2017,6,41215/2017
6/26/2017,6,66991/2017
6/27/2017,55,23989/2017
6/27/2017,6,70220/2017
6/27/2017,55,85656/2017
6/28/2017,110,20893/2016
6/28/2017,6,45548/2017
7/1/2017,110,36389/2016
7/1/2017,190,40489/2015
7/1/2017,55,72252/2017
7/2/2017,110,2267/2017
7/3/2017,130,31493/2016
7/3/2017,190,40634/2014
7/3/2017,20,47271/2017
7/3/2017,55,47271/2017
7/4/2017,6,66130/2017
7/4/2017,121,84633/2016
7/5/2017,20,22245/2017
7/5/2017,20,56353/2017
7/5/2017,55,56353/2017
7/5/2017,55,60921/2017
7/5/2017,130,89251/2016
7/5/2017,181,93214/2015
7/6/2017,6,13899/2017
7/6/2017,110,21202/2017
7/6/2017,110,5436/2017
7/7/2017,151,46683/2016
7/7/2017,145,77278/2016
7/7/2017,20,98602/2017
7/8/2017,110,11828/2016
7/8/2017,20,41334/2017
7/8/2017,55,42879/2017
7/8/2017,20,81654/2017
7/8/2017,55,81654/2017
7/8/2017,55,98270/2017
7/9/2017,55,37040/2017
7/9/2017,182,41824/2014
7/9/2017,121,49809/2017
7/9/2017,55,54545/2017
7/9/2017,6,69610/2017
7/9/2017,20,87146/2017
7/9/2017,55,87146/2017
7/9/2017,110,92843/2016
7/10/2017,6,54668/2017
7/10/2017,6,6322/2017
7/10/2017,20,83460/2017
7/11/2017,6,23962/2017
7/11/2017,110,30038/2017
7/11/2017,182,98748/2016
7/13/2017,121,42497/2016
7/13/2017,6,54435/2017
7/14/2017,6,12013/2017
7/14/2017,6,13776/2017
7/14/2017,6,25729/2017
7/14/2017,20,83447/2017
7/15/2017,6,35965/2017
7/15/2017,20,51369/2017
7/16/2017,6,71972/2017
7/16/2017,20,73623/2017
7/17/2017,20,25464/2017
7/17/2017,55,25464/2017
7/17/2017,182,25523/2015
7/19/2017,190,40581/2016
7/19/2017,110,46160/2017
7/19/2017,6,9751/2017
7/20/2017,6,46705/2017
7/21/2017,6,26487/2017
7/21/2017,110,3815/2016
7/21/2017,130,38512/2016
7/21/2017,6,96067/2017
7/21/2017,151,98404/2016
7/22/2017,6,66700/2017
7/22/2017,6,90353/2017
7/22/2017,20,90795/2017
7/23/2017,6,16544/2017
7/23/2017,110,30908/2017
7/23/2017,6,45323/2017
7/25/2017,6,40850/2017
7/26/2017,20,41215/2017
7/26/2017,110,79636/2016
7/26/2017,55,8512/2017
7/27/2017,6,15378/2017
7/27/2017,6,65091/2017
7/27/2017,20,70220/2017
7/28/2017,121,20893/2016
7/28/2017,55,4441/2017
7/28/2017,20,45548/2017
7/28/2017,110,54907/2016
8/1/2017,20,11552/2017
8/1/2017,151,36389/2016
8/1/2017,110,63869/2016
8/1/2017,20,71795/2017
8/1/2017,55,71795/2017
8/3/2017,6,7787/2017
8/4/2017,6,29130/2017
8/4/2017,6,35946/2017
8/4/2017,20,43432/2017
8/4/2017,20,59117/2017
8/4/2017,20,66130/2017
8/4/2017,110,84633/2016
8/4/2017,6,96591/2017
8/5/2017,6,16917/2017
8/5/2017,55,22245/2017
8/6/2017,110,75420/2017
8/6/2017,6,97951/2017
8/7/2017,6,13880/2017
8/7/2017,20,33275/2017
8/7/2017,55,47312/2017
8/7/2017,6,50514/2017
8/7/2017,55,55519/2017
8/7/2017,20,82070/2017
8/7/2017,20,89300/2017
8/7/2017,55,98602/2017
8/8/2017,6,21572/2017
8/8/2017,55,37048/2017
8/9/2017,6,24467/2017
8/9/2017,110,49809/2017
8/9/2017,110,54545/2017
8/9/2017,121,62503/2016
8/9/2017,20,69610/2017
8/9/2017,6,7224/2017
8/9/2017,182,73055/2016
8/9/2017,190,92338/2014
8/10/2017,55,11324/2017
8/10/2017,6,91204/2017
8/10/2017,182,92295/2014
8/11/2017,190,3799/2015
8/11/2017,110,49740/2017
8/11/2017,121,62000/2016
8/12/2017,110,55269/2017
8/13/2017,6,1004/2017
8/13/2017,55,93944/2017
8/13/2017,6,96140/2017
8/14/2017,20,13776/2017
8/14/2017,20,15748/2017
8/14/2017,6,21142/2017
8/14/2017,190,23935/2016
8/14/2017,20,3260/2017
8/14/2017,20,73273/2017
8/15/2017,6,4175/2017
8/15/2017,145,61903/2016
8/15/2017,6,9109/2017
8/15/2017,181,97402/2015
8/16/2017,6,22344/2017
8/16/2017,181,35034/2016
8/16/2017,121,40992/2016
8/16/2017,20,50613/2017
8/16/2017,20,71972/2017
8/16/2017,55,73623/2017
8/17/2017,55,53488/2017
8/17/2017,55,65108/2017
8/17/2017,110,67764/2017
8/17/2017,55,95219/2017
8/18/2017,110,69920/2017
8/19/2017,151,15280/2016
8/19/2017,178,1686/2014
8/20/2017,6,29687/2017
8/20/2017,178,68378/2014
8/21/2017,6,21498/2017
8/21/2017,20,26487/2017
8/22/2017,20,12696/2017
8/22/2017,55,12696/2017
8/22/2017,20,66700/2017
8/22/2017,6,81676/2017
8/22/2017,55,90795/2017
8/23/2017,20,16544/2017
8/23/2017,20,45323/2017
8/23/2017,190,70951/2015
8/23/2017,55,71459/2017
8/23/2017,110,7592/2017
8/23/2017,110,90803/2016
8/24/2017,145,39557/2016
8/25/2017,6,39671/2017
8/25/2017,20,40850/2017
8/25/2017,55,58624/2017
8/25/2017,110,58624/2017
8/26/2017,6,23832/2017
8/26/2017,55,25687/2017
8/26/2017,20,66991/2017
8/26/2017,55,66991/2017
8/26/2017,110,97540/2016
8/27/2017,190,17059/2014
8/27/2017,190,64899/2015
8/28/2017,110,29272/2017
8/28/2017,110,40252/2017
8/28/2017,110,56436/2016
9/1/2017,6,66779/2017
9/2/2017,151,21006/2016
9/3/2017,20,7787/2017
9/3/2017,6,98896/2017
9/4/2017,20,29130/2017
9/4/2017,20,35946/2017
9/4/2017,55,43432/2017
9/4/2017,110,52936/2017
9/4/2017,55,59117/2017
9/4/2017,55,66130/2017
9/5/2017,20,16917/2017
9/5/2017,6,29299/2017
9/5/2017,6,55874/2017
9/5/2017,6,82205/2017
9/6/2017,20,13899/2017
9/6/2017,121,21202/2017
9/6/2017,121,5436/2017
9/7/2017,110,11832/2017
9/7/2017,20,13880/2017
9/7/2017,6,14305/2017
9/7/2017,55,33275/2017
9/7/2017,20,50514/2017
9/7/2017,110,55519/2017
9/8/2017,20,21572/2017
9/8/2017,130,29255/2017
9/8/2017,110,37048/2017
9/8/2017,55,41334/2017
9/8/2017,110,81654/2017
9/8/2017,6,85182/2017
9/8/2017,6,89039/2017
9/9/2017,110,36400/2017
9/9/2017,110,37040/2017
9/9/2017,20,7224/2017
9/10/2017,110,11324/2017
9/10/2017,20,54668/2017
9/10/2017,55,54668/2017
9/10/2017,20,6322/2017
9/10/2017,55,6322/2017
9/10/2017,55,83460/2017
9/10/2017,6,86033/2017
9/10/2017,110,96754/2017
9/11/2017,20,23962/2017
9/11/2017,182,42087/2016
9/11/2017,110,44914/2017
9/12/2017,190,32985/2015
9/12/2017,130,87372/2016
9/13/2017,20,1004/2017
9/13/2017,110,14875/2017
9/13/2017,151,14875/2017
9/13/2017,181,22094/2014
9/13/2017,20,54435/2017
9/13/2017,20,96140/2017
9/13/2017,6,98367/2017
9/14/2017,20,12013/2017
9/14/2017,55,13776/2017
9/14/2017,55,15748/2017
9/14/2017,20,21142/2017
9/14/2017,20,25729/2017
9/14/2017,130,30504/2016
9/14/2017,55,3260/2017
9/14/2017,55,6961/2017
9/14/2017,55,73273/2017
9/14/2017,55,83447/2017
9/14/2017,110,88852/2017
9/14/2017,151,88852/2017
9/15/2017,20,35965/2017
9/15/2017,6,75242/2017
9/15/2017,20,9109/2017
9/16/2017,20,22344/2017
9/17/2017,110,65108/2017
9/18/2017,110,89407/2017
9/19/2017,151,90526/2016
9/19/2017,20,9751/2017
9/20/2017,20,29687/2017
9/20/2017,20,46705/2017
9/20/2017,6,6379/2017
9/20/2017,130,86175/2016
9/21/2017,110,64614/2017
9/21/2017,110,91954/2017
9/21/2017,20,96067/2017
9/21/2017,55,96067/2017
9/22/2017,6,11363/2017
9/22/2017,55,66700/2017
9/22/2017,20,81676/2017
9/22/2017,20,90353/2017
9/22/2017,55,90353/2017
9/23/2017,55,16544/2017
9/23/2017,6,48706/2017
9/23/2017,110,71459/2017
9/24/2017,6,99309/2017
9/25/2017,20,39671/2017
9/25/2017,110,51191/2017
9/26/2017,110,16842/2017
9/26/2017,145,16842/2017
9/26/2017,20,23832/2017
9/26/2017,6,4861/2017
9/26/2017,6,73318/2017
9/26/2017,110,8512/2017
9/26/2017,6,91151/2017
9/26/2017,6,99380/2017
9/27/2017,20,15378/2017
9/27/2017,110,26622/2017
9/27/2017,20,65091/2017
9/28/2017,110,74641/2017
10/1/2017,55,11552/2017
10/1/2017,6,57747/2017
10/1/2017,20,66779/2017
10/2/2017,178,27293/2014
10/2/2017,6,56028/2017
10/3/2017,20,98896/2017
10/4/2017,130,52936/2017
10/4/2017,121,83090/2016
10/4/2017,20,96591/2017
10/5/2017,20,29299/2017
10/5/2017,6,5461/2017
10/5/2017,110,56353/2017
10/5/2017,110,60921/2017
10/6/2017,55,13899/2017
10/6/2017,20,97951/2017
10/6/2017,55,97951/2017
10/7/2017,20,14305/2017
10/7/2017,110,47312/2017
10/7/2017,55,82070/2017
10/7/2017,110,82070/2017
10/7/2017,55,89300/2017
10/8/2017,55,21572/2017
10/8/2017,110,42879/2017
10/8/2017,20,89039/2017
10/9/2017,182,23391/2015
10/9/2017,20,24467/2017
10/9/2017,55,24467/2017
10/9/2017,6,55982/2017
10/9/2017,55,69610/2017
10/10/2017,20,86033/2017
10/10/2017,20,91204/2017
10/12/2017,182,87535/2016
10/13/2017,55,1004/2017
10/13/2017,55,54435/2017
10/14/2017,55,12013/2017
10/14/2017,110,73273/2017
10/15/2017,20,4175/2017
10/15/2017,55,51369/2017
10/15/2017,20,75242/2017
10/16/2017,55,50613/2017
10/16/2017,110,50613/2017
10/18/2017,110,62908/2017
10/18/2017,130,71349/2016
10/19/2017,55,9751/2017
10/20/2017,6,18647/2017
10/20/2017,182,19873/2014
10/20/2017,55,29687/2017
10/20/2017,151,91349/2016
10/21/2017,6,11154/2017
10/21/2017,20,21498/2017
10/21/2017,55,26487/2017
10/21/2017,110,88251/2017
10/22/2017,20,11363/2017
10/22/2017,151,89673/2016
10/22/2017,110,90795/2017
10/23/2017,151,71459/2017
10/24/2017,6,44610/2017
10/24/2017,6,88023/2017
10/24/2017,20,99309/2017
10/25/2017,110,14423/2017
10/25/2017,55,39671/2017
10/25/2017,55,40850/2017
10/25/2017,145,51191/2017
10/26/2017,55,23832/2017
10/26/2017,55,41215/2017
10/26/2017,20,4861/2017
10/26/2017,20,91151/2017
10/26/2017,151,97540/2016
10/27/2017,55,15378/2017
10/27/2017,110,23989/2017
10/27/2017,182,47373/2015
10/27/2017,55,65091/2017
10/27/2017,55,70220/2017
10/27/2017,110,85656/2017
10/28/2017,110,4441/2017
10/28/2017,55,45548/2017
11/1/2017,20,57747/2017
11/1/2017,55,66779/2017
11/1/2017,110,72252/2017
11/2/2017,20,56028/2017
11/2/2017,6,98080/2017
11/3/2017,6,33638/2017
11/4/2017,182,2882/2015
11/4/2017,55,29130/2017
11/4/2017,6,34065/2017
11/4/2017,55,35946/2017
11/4/2017,55,96591/2017
11/5/2017,110,22245/2017
11/5/2017,20,55874/2017
11/5/2017,55,55874/2017
11/5/2017,20,82205/2017
11/5/2017,6,91230/2017
11/6/2017,190,42533/2015
11/7/2017,190,80061/2014
11/8/2017,6,46563/2017
11/8/2017,20,85182/2017
11/8/2017,55,89039/2017
11/8/2017,110,98270/2017
11/9/2017,20,55982/2017
11/9/2017,110,69610/2017
11/9/2017,55,7224/2017
11/10/2017,110,6322/2017
11/10/2017,55,86033/2017
11/10/2017,55,91204/2017
11/11/2017,55,23962/2017
11/11/2017,110,23962/2017
11/11/2017,6,59711/2017
11/11/2017,6,64133/2017
11/12/2017,110,76877/2017
11/12/2017,6,91001/2017
11/13/2017,121,33931/2016
11/13/2017,6,91408/2017
11/13/2017,20,98367/2017
11/14/2017,55,25729/2017
11/14/2017,110,83447/2017
11/15/2017,55,35965/2017
11/15/2017,55,4175/2017
11/15/2017,110,51369/2017
11/15/2017,55,75242/2017
11/15/2017,55,9109/2017
11/16/2017,55,71972/2017
11/17/2017,110,53488/2017
11/17/2017,121,67764/2017
11/17/2017,110,95219/2017
11/18/2017,145,89407/2017
11/18/2017,6,93544/2017
11/19/2017,151,41250/2016
11/19/2017,182,46693/2016
11/19/2017,6,99554/2017
11/20/2017,181,22119/2014
11/20/2017,182,38415/2015
11/20/2017,55,46705/2017
11/20/2017,20,6379/2017
11/21/2017,145,64614/2017
11/22/2017,110,12696/2017
11/22/2017,181,37806/2015
11/22/2017,182,89673/2016
11/23/2017,110,16544/2017
11/23/2017,110,27027/2017
11/23/2017,55,45323/2017
11/23/2017,110,45323/2017
11/23/2017,20,48706/2017
11/23/2017,6,72287/2017
11/24/2017,181,79644/2014
11/24/2017,55,99309/2017
11/25/2017,182,15984/2015
11/25/2017,6,18837/2017
11/25/2017,121,58624/2017
11/25/2017,6,74516/2017
11/26/2017,55,4861/2017
11/26/2017,20,73318/2017
11/26/2017,20,99380/2017
11/27/2017,190,41729/2015
11/28/2017,6,16238/2017
11/28/2017,110,45548/2017
11/28/2017,6,97895/2017
12/1/2017,110,71795/2017
12/2/2017,190,21006/2016
12/2/2017,6,27568/2017
12/2/2017,20,98080/2017
12/2/2017,181,98929/2015
12/3/2017,20,33638/2017
12/3/2017,55,7787/2017
12/3/2017,55,98896/2017
12/4/2017,20,34065/2017
12/5/2017,6,15170/2017
12/5/2017,55,16917/2017
12/5/2017,55,29299/2017
12/5/2017,20,5461/2017
12/5/2017,55,82205/2017
12/5/2017,20,91230/2017
12/6/2017,110,13899/2017
12/6/2017,6,69846/2017
12/7/2017,55,13880/2017
12/7/2017,55,14305/2017
12/7/2017,55,50514/2017
12/7/2017,110,89300/2017
12/7/2017,6,95156/2017
12/8/2017,110,21572/2017
12/8/2017,110,41334/2017
12/8/2017,20,46563/2017
12/8/2017,6,81995/2017
12/8/2017,130,88012/2017
12/8/2017,6,99510/2017
12/9/2017,6,32859/2017
12/9/2017,110,87146/2017
12/10/2017,6,33780/2017
12/10/2017,110,91204/2017
12/11/2017,190,24401/2016
12/11/2017,151,49740/2017
12/11/2017,6,75606/2017
12/12/2017,6,12539/2017
12/12/2017,20,91001/2017
12/13/2017,110,93944/2017
12/13/2017,55,96140/2017
12/13/2017,110,96140/2017
12/13/2017,55,98367/2017
12/14/2017,110,13776/2017
12/14/2017,55,21142/2017
12/14/2017,110,25729/2017
12/15/2017,190,23701/2016
12/16/2017,55,22344/2017
12/16/2017,121,56839/2017
12/16/2017,110,73623/2017
12/16/2017,151,90066/2017
12/17/2017,6,85545/2017
12/19/2017,190,18047/2014
12/19/2017,6,45758/2017
12/19/2017,6,90630/2017
12/20/2017,20,18647/2017
12/20/2017,151,4008/2016
12/20/2017,6,5814/2017
12/20/2017,55,6379/2017
12/21/2017,20,11154/2017
12/21/2017,55,21498/2017
12/21/2017,151,91954/2017
12/21/2017,110,96067/2017
12/22/2017,55,81676/2017
12/23/2017,20,72287/2017
12/24/2017,20,44610/2017
12/24/2017,6,84040/2017
12/24/2017,20,88023/2017
12/25/2017,20,18837/2017
12/26/2017,110,25687/2017
12/26/2017,182,27318/2016
12/26/2017,6,47357/2017
12/26/2017,121,80682/2016
12/26/2017,55,91151/2017
12/27/2017,110,15378/2017
12/27/2017,130,23989/2017
12/27/2017,110,65091/2017
12/27/2017,110,70220/2017
12/27/2017,6,89347/2017
12/28/2017,20,16238/2017
12/28/2017,6,33633/2017
1/1/2018,55,57747/2017
1/1/2018,190,58271/2016
1/2/2018,55,56028/2017
1/2/2018,55,98080/2017
1/3/2018,110,47271/2017
1/3/2018,181,70784/2014
1/3/2018,110,7787/2017
1/4/2018,110,29130/2017
1/4/2018,6,50008/2018
1/4/2018,151,66130/2017
1/4/2018,181,83090/2016
1/5/2018,20,15170/2017
1/5/2018,110,16917/2017
1/5/2018,110,29299/2017
1/5/2018,55,91230/2017
1/6/2018,6,89219/2018
1/7/2018,130,82070/2017
1/7/2018,20,95156/2017
1/7/2018,110,98602/2017
1/8/2018,55,46563/2017
1/8/2018,20,81995/2017
1/8/2018,55,85182/2017
1/8/2018,110,89039/2017
1/8/2018,20,99510/2017
1/9/2018,151,36400/2017
1/9/2018,130,37040/2017
1/10/2018,6,18739/2018
1/10/2018,20,33780/2017
1/10/2018,110,54668/2017
1/11/2018,145,30038/2017
1/11/2018,130,44914/2017
1/11/2018,20,59711/2017
1/11/2018,20,64133/2017
1/12/2018,20,12539/2017
1/12/2018,151,55269/2017
1/12/2018,190,60972/2015
1/12/2018,6,77148/2018
1/13/2018,110,54435/2017
1/13/2018,20,91408/2017
1/14/2018,110,12013/2017
1/14/2018,130,12013/2017
1/14/2018,110,15748/2017
1/14/2018,110,3260/2017
1/14/2018,6,59077/2018
1/14/2018,110,6961/2017
1/14/2018,130,73273/2017
1/15/2018,110,35965/2017
1/15/2018,151,35965/2017
1/16/2018,110,22344/2017
1/16/2018,6,2385/2018
1/16/2018,151,50613/2017
1/16/2018,110,71972/2017
1/16/2018,190,73487/2015
1/17/2018,110,25464/2017
1/17/2018,6,76989/2018
1/17/2018,6,82412/2018
1/17/2018,20,85545/2017
1/18/2018,20,93544/2017
1/19/2018,20,45758/2017
1/19/2018,145,46160/2017
1/19/2018,20,99554/2017
1/20/2018,6,26668/2018
1/20/2018,6,80451/2018
1/21/2018,55,11154/2017
1/21/2018,6,90300/2018
1/22/2018,55,11363/2017
1/22/2018,110,90353/2017
1/23/2018,130,30908/2017
1/23/2018,55,48706/2017
1/24/2018,6,38593/2018
1/24/2018,55,44610/2017
1/24/2018,182,78459/2016
1/24/2018,55,88023/2017
1/25/2018,20,74516/2017
1/26/2018,20,47357/2017
1/26/2018,121,66991/2017
1/26/2018,55,73318/2017
1/26/2018,55,99380/2017
1/26/2018,110,99380/2017
1/27/2018,190,69017/2014
1/28/2018,130,29272/2017
1/28/2018,20,33633/2017
1/28/2018,151,45548/2017
1/28/2018,20,97895/2017
2/1/2018,110,11552/2017
2/1/2018,181,90235/2016
2/2/2018,20,27568/2017
2/3/2018,181,31493/2016
2/4/2018,6,11494/2018
2/4/2018,190,29905/2014
2/4/2018,55,34065/2017
2/4/2018,110,43432/2017
2/4/2018,20,50008/2018
2/4/2018,110,59117/2017
2/4/2018,110,66130/2017
2/5/2018,55,5461/2017
2/5/2018,110,55874/2017
2/5/2018,6,96046/2018
2/6/2018,181,35960/2016
2/6/2018,20,69846/2017
2/6/2018,6,79660/2018
2/6/2018,190,91739/2015
2/6/2018,145,97951/2017
2/7/2018,130,11832/2017
2/7/2018,6,12506/2018
2/7/2018,110,33275/2017
2/7/2018,110,50514/2017
2/7/2018,151,55519/2017
2/8/2018,145,98270/2017
2/9/2018,20,32859/2017
2/9/2018,6,34205/2018
2/9/2018,55,55982/2017
2/9/2018,110,55982/2017
2/10/2018,20,18739/2018
2/10/2018,110,83460/2017
2/11/2018,20,75606/2017
2/11/2018,55,75606/2017
2/11/2018,182,80500/2016
2/13/2018,110,1004/2017
2/13/2018,182,54258/2015
2/13/2018,110,98367/2017
2/14/2018,130,3260/2017
2/14/2018,20,59077/2018
2/14/2018,6,6383/2018
2/15/2018,110,4175/2017
2/15/2018,110,9109/2017
2/17/2018,6,22405/2018
2/17/2018,190,30548/2015
2/17/2018,20,76989/2018
2/18/2018,55,93544/2017
2/19/2018,20,90630/2017
2/19/2018,55,99554/2017
2/20/2018,55,18647/2017
2/20/2018,110,46705/2017
2/20/2018,121,46705/2017
2/20/2018,20,5814/2017
2/20/2018,55,5814/2017
2/20/2018,6,69673/2018
2/20/2018,20,80451/2018
2/21/2018,6,14791/2018
2/21/2018,110,21498/2017
2/21/2018,110,26487/2017
2/22/2018,110,66700/2017
2/23/2018,181,16031/2016
2/23/2018,55,72287/2017
2/23/2018,6,75529/2018
2/23/2018,6,84275/2018
2/24/2018,20,38593/2018
2/24/2018,110,44610/2017
2/24/2018,20,84040/2017
2/24/2018,182,94817/2015
2/24/2018,110,99309/2017
2/25/2018,6,30154/2018
2/26/2018,181,12725/2015
2/26/2018,110,23832/2017
2/26/2018,110,41215/2017
2/26/2018,110,66991/2017
2/26/2018,6,90853/2018
2/26/2018,110,91151/2017
2/27/2018,20,89347/2017
2/28/2018,6,4340/2018
2/28/2018,121,4441/2017
3/1/2018,110,66779/2017
3/1/2018,145,72252/2017
3/2/2018,55,27568/2017
3/2/2018,6,82560/2018
3/3/2018,55,33638/2017
3/3/2018,6,51709/2018
3/4/2018,110,35946/2017
3/4/2018,190,75459/2016
3/4/2018,6,78554/2018
3/4/2018,130,96591/2017
3/5/2018,121,56353/2017
3/5/2018,110,82205/2017
3/6/2018,20,89219/2018
3/7/2018,20,12506/2018
3/8/2018,55,99510/2017
3/9/2018,6,2195/2018
3/9/2018,6,23312/2018
3/9/2018,20,34205/2018
3/9/2018,182,36400/2017
3/9/2018,130,54545/2017
3/9/2018,6,59931/2018
3/9/2018,182,85607/2015
3/10/2018,55,18739/2018
3/10/2018,121,91204/2017
3/11/2018,6,17891/2018
3/11/2018,55,59711/2017
3/11/2018,55,64133/2017
3/11/2018,181,79688/2014
3/11/2018,6,91913/2018
3/12/2018,55,12539/2017
3/12/2018,20,77148/2018
3/12/2018,55,77148/2018
3/12/2018,55,91001/2017
3/13/2018,130,1004/2017
3/13/2018,6,25582/2018
3/13/2018,178,50207/2015
3/13/2018,55,91408/2017
3/14/2018,121,15748/2017
3/14/2018,110,21142/2017
3/14/2018,55,59077/2018
3/16/2018,20,2385/2018
3/16/2018,6,80760/2018
3/17/2018,20,22405/2018
3/17/2018,20,82412/2018
3/17/2018,55,85545/2017
3/19/2018,6,37152/2018
3/19/2018,55,45758/2017
3/19/2018,182,58535/2015
3/19/2018,110,9751/2017
3/20/2018,20,26668/2018
3/20/2018,55,26668/2018
3/20/2018,110,29687/2017
3/21/2018,20,90300/2018
3/22/2018,110,11363/2017
3/22/2018,178,73286/2015
3/22/2018,110,81676/2017
3/23/2018,110,48706/2017
3/23/2018,20,75529/2018
3/23/2018,20,84275/2018
3/24/2018,190,38002/2014
3/24/2018,110,88023/2017
3/24/2018,121,99309/2017
3/25/2018,55,18837/2017
3/25/2018,110,40850/2017
3/25/2018,55,74516/2017
3/26/2018,145,25687/2017
3/26/2018,130,41215/2017
3/26/2018,55,47357/2017
3/27/2018,151,85656/2017
3/27/2018,55,89347/2017
3/27/2018,6,91394/2018
3/28/2018,55,16238/2017
3/28/2018,55,33633/2017
3/28/2018,6,36173/2018
3/28/2018,190,50968/2016
3/28/2018,55,97895/2017
4/1/2018,6,22331/2018
4/1/2018,6,50998/2018
4/2/2018,110,27568/2017
4/3/2018,6,61693/2018
4/3/2018,110,98896/2017
4/4/2018,20,11494/2018
4/4/2018,145,29130/2017
4/4/2018,55,50008/2018
4/4/2018,110,96591/2017
4/5/2018,55,15170/2017
4/5/2018,110,15170/2017
4/5/2018,121,16917/2017
4/5/2018,6,69846/2018
4/5/2018,20,96046/2018
4/6/2018,6,48237/2018
4/6/2018,55,69846/2017
4/6/2018,20,79660/2018
4/6/2018,55,79660/2018
4/6/2018,55,89219/2018
4/6/2018,110,97951/2017
4/7/2018,55,12506/2018
4/7/2018,110,13880/2017
4/7/2018,55,95156/2017
4/7/2018,145,98602/2017
4/8/2018,151,81654/2017
4/8/2018,55,81995/2017
4/8/2018,110,85182/2017
4/8/2018,151,85182/2017
4/8/2018,110,99510/2017
4/9/2018,20,23312/2018
4/9/2018,110,24467/2017
4/9/2018,55,32859/2017
4/9/2018,110,32859/2017
4/9/2018,190,45220/2015
4/9/2018,110,7224/2017
4/10/2018,6,17673/2018
4/10/2018,55,33780/2017
4/11/2018,20,17891/2018
4/11/2018,6,2675/2018
4/11/2018,110,59711/2017
4/12/2018,178,21788/2014
4/12/2018,181,87372/2016
4/13/2018,6,42973/2018
4/13/2018,130,54435/2017
4/13/2018,110,91408/2017
4/14/2018,151,25729/2017
4/14/2018,6,60469/2018
4/14/2018,20,6383/2018
4/15/2018,151,4175/2017
4/16/2018,55,2385/2018
4/16/2018,20,80760/2018
4/17/2018,151,25464/2017
4/17/2018,121,53488/2017
4/19/2018,20,37152/2018
4/19/2018,6,44923/2018
4/19/2018,6,78024/2018
4/19/2018,55,90630/2017
4/19/2018,110,90630/2017
4/19/2018,6,94411/2018
4/20/2018,110,6379/2017
4/20/2018,20,69673/2018
4/20/2018,55,69673/2018
4/21/2018,20,14791/2018
4/21/2018,151,21498/2017
4/21/2018,6,69920/2018
4/21/2018,55,90300/2018
4/23/2018,110,72287/2017
4/23/2018,6,96172/2018
4/24/2018,6,54266/2018
4/24/2018,55,84040/2017
4/25/2018,182,2957/2014
4/25/2018,20,30154/2018
4/25/2018,110,39671/2017
4/26/2018,110,73318/2017
4/26/2018,6,89694/2018
4/26/2018,20,90853/2018
4/26/2018,55,90853/2018
4/27/2018,182,47390/2015
4/28/2018,110,16238/2017
4/28/2018,20,36173/2018
4/28/2018,20,4340/2018
4/28/2018,55,4340/2018
5/1/2018,110,57747/2017
5/2/2018,190,1881/2016
5/2/2018,110,56028/2017
5/2/2018,20,82560/2018
5/3/2018,20,51709/2018
5/3/2018,55,51709/2018
5/3/2018,20,61693/2018
5/3/2018,121,7787/2017
5/4/2018,110,34065/2017
5/4/2018,110,50008/2018
5/4/2018,20,78554/2018
5/5/2018,121,22245/2017
5/5/2018,6,36405/2018
5/5/2018,20,69846/2018
5/6/2018,20,48237/2018
5/6/2018,6,61302/2018
5/6/2018,6,77871/2018
5/7/2018,6,10552/2018
5/7/2018,145,13880/2017
5/7/2018,110,14305/2017
5/7/2018,145,50514/2017
5/7/2018,110,95156/2017
5/8/2018,110,46563/2017
5/9/2018,20,2195/2018
5/9/2018,55,23312/2018
5/9/2018,55,34205/2018
5/9/2018,182,54609/2015
5/9/2018,20,59931/2018
5/9/2018,55,59931/2018
5/10/2018,6,1730/2018
5/10/2018,20,17673/2018
5/10/2018,110,18739/2018
5/10/2018,110,86033/2017
5/11/2018,55,17891/2018
5/11/2018,178,18495/2014
5/11/2018,20,2675/2018
5/11/2018,6,47351/2018
5/11/2018,20,91913/2018
5/11/2018,55,91913/2018
5/12/2018,110,77148/2018
5/13/2018,20,25582/2018
5/13/2018,190,33931/2016
5/13/2018,20,42973/2018
5/14/2018,178,84203/2015
5/15/2018,110,75242/2017
5/16/2018,110,2385/2018
5/16/2018,6,62995/2018
5/16/2018,178,65764/2015
5/16/2018,145,73623/2017
5/16/2018,55,80760/2018
5/17/2018,151,65108/2017
5/17/2018,55,76989/2018
5/17/2018,55,82412/2018
5/17/2018,130,95219/2017
5/18/2018,190,16084/2016
5/18/2018,6,95297/2018
5/19/2018,55,37152/2018
5/19/2018,20,94411/2018
5/20/2018,110,18647/2017
5/20/2018,55,80451/2018
5/20/2018,182,97813/2016
5/21/2018,55,14791/2018
5/21/2018,6,91289/2018
5/23/2018,6,54026/2018
5/23/2018,6,60917/2018
5/23/2018,55,75529/2018
5/23/2018,6,8724/2018
5/24/2018,182,33838/2016
5/24/2018,55,38593/2018
5/24/2018,20,54266/2018
5/24/2018,6,67494/2018
5/25/2018,55,30154/2018
5/25/2018,181,56897/2014
5/26/2018,130,23832/2017
5/26/2018,110,47357/2017
5/26/2018,110,4861/2017
5/26/2018,190,65122/2015
5/27/2018,6,61749/2018
5/27/2018,20,91394/2018
5/28/2018,55,36173/2018
5/28/2018,190,54907/2016
6/1/2018,20,22331/2018
6/1/2018,20,50998/2018
6/2/2018,55,82560/2018
6/3/2018,110,33638/2017
6/3/2018,6,50993/2018
6/3/2018,6,89918/2018
6/4/2018,55,11494/2018
6/4/2018,181,24405/2014
6/4/2018,6,47090/2018
6/4/2018,55,78554/2018
6/4/2018,6,99763/2018
6/5/2018,20,36405/2018
6/5/2018,178,37004/2015
6/5/2018,110,5461/2017
6/5/2018,55,69846/2018
6/5/2018,110,91230/2017
6/5/2018,55,96046/2018
6/5/2018,110,96046/2018
6/6/2018,6,24230/2018
6/6/2018,6,26987/2018
6/6/2018,55,48237/2018
6/6/2018,6,66211/2018
6/8/2018,110,81995/2017
6/8/2018,6,94703/2018
6/9/2018,55,2195/2018
6/11/2018,20,47351/2018
6/11/2018,151,59711/2017
6/11/2018,182,69551/2015
6/11/2018,110,75606/2017
6/12/2018,6,58432/2018
6/13/2018,6,16163/2018
6/14/2018,20,60469/2018
6/14/2018,55,6383/2018
6/14/2018,6,72176/2018
6/14/2018,151,83447/2017
6/16/2018,20,62995/2018
6/16/2018,130,71972/2017
6/17/2018,55,22405/2018
6/17/2018,6,74060/2018
6/17/2018,110,76989/2018
6/17/2018,110,85545/2017
6/18/2018,6,36358/2018
6/18/2018,20,95297/2018
6/19/2018,178,29242/2014
6/19/2018,20,44923/2018
6/19/2018,110,45758/2017
6/19/2018,20,78024/2018
6/19/2018,151,90630/2017
6/19/2018,55,94411/2018
6/20/2018,6,32119/2018
6/20/2018,6,72891/2018
6/21/2018,110,11154/2017
6/21/2018,181,57112/2016
6/21/2018,20,69920/2018
6/21/2018,55,69920/2018
6/22/2018,130,66700/2017
6/22/2018,130,90353/2017
6/23/2018,55,84275/2018
6/23/2018,110,84275/2018
6/23/2018,20,8724/2018
6/23/2018,190,87530/2014
6/23/2018,20,96172/2018
6/24/2018,110,38593/2018
6/24/2018,20,67494/2018
6/25/2018,110,18837/2017
6/25/2018,6,64736/2018
6/25/2018,110,74516/2017
6/25/2018,145,74516/2017
6/25/2018,6,78894/2018
6/26/2018,20,89694/2018
6/27/2018,6,48683/2018
6/27/2018,6,6300/2018
6/27/2018,110,89347/2017
6/28/2018,110,33633/2017
6/28/2018,6,5952/2018
6/28/2018,178,69327/2014
6/28/2018,145,97895/2017
7/1/2018,178,24713/2014
7/1/2018,55,50998/2018
7/1/2018,151,57747/2017
7/1/2018,121,66779/2017
7/1/2018,6,86016/2018
7/2/2018,6,96514/2018
7/2/2018,110,98080/2017
7/3/2018,130,33638/2017
7/3/2018,55,61693/2018
7/3/2018,6,85512/2018
7/3/2018,20,89918/2018
7/4/2018,110,11494/2018
7/4/2018,6,45839/2018
7/4/2018,181,60069/2015
7/4/2018,20,99763/2018
7/5/2018,190,30339/2016
7/6/2018,20,24230/2018
7/6/2018,20,26987/2018
7/6/2018,20,61302/2018
7/6/2018,55,61302/2018
7/6/2018,110,69846/2017
7/6/2018,20,77871/2018
7/6/2018,55,77871/2018
7/6/2018,110,79660/2018
7/6/2018,110,89219/2018
7/7/2018,20,10552/2018
7/8/2018,20,94703/2018
7/9/2018,110,2195/2018
7/9/2018,110,23312/2018
7/9/2018,151,24467/2017
7/9/2018,130,69610/2017
7/9/2018,6,96538/2018
7/10/2018,20,1730/2018
7/10/2018,110,33780/2017
7/10/2018,6,76492/2018
7/10/2018,145,86033/2017
7/11/2018,110,17891/2018
7/11/2018,55,47351/2018
7/11/2018,110,64133/2017
7/12/2018,6,52697/2018
7/12/2018,110,91001/2017
7/12/2018,6,92547/2018
7/13/2018,20,16163/2018
7/13/2018,55,25582/2018
7/13/2018,6,27986/2018
7/13/2018,55,42973/2018
7/13/2018,130,98367/2017
7/14/2018,110,59077/2018
7/14/2018,55,60469/2018
7/15/2018,6,5613/2018
7/16/2018,182,40992/2016
7/16/2018,181,50219/2016
7/17/2018,110,22405/2018
7/17/2018,145,82412/2018
7/18/2018,181,21431/2016
7/18/2018,20,36358/2018
7/18/2018,110,93544/2017
7/18/2018,55,95297/2018
7/19/2018,55,44923/2018
7/19/2018,6,69389/2018
7/19/2018,110,99554/2017
7/20/2018,6,18030/2018
7/20/2018,110,26668/2018
7/20/2018,20,32119/2018
7/20/2018,181,38104/2014
7/20/2018,181,53163/2014
7/21/2018,6,86182/2018
7/21/2018,20,91289/2018
7/23/2018,20,54026/2018
7/23/2018,20,60917/2018
7/24/2018,6,22747/2018
7/24/2018,6,25434/2018
7/24/2018,55,54266/2018
7/25/2018,6,46735/2018
7/25/2018,20,64736/2018
7/25/2018,6,78704/2018
7/26/2018,121,73318/2017
7/26/2018,181,97973/2014
7/26/2018,190,98561/2014
7/27/2018,130,15378/2017
7/27/2018,20,61749/2018
7/27/2018,20,6300/2018
7/27/2018,55,91394/2018
7/28/2018,110,36173/2018
7/28/2018,20,5952/2018
7/28/2018,110,97895/2017
8/1/2018,55,22331/2018
8/1/2018,20,86016/2018
8/2/2018,6,58670/2018
8/3/2018,20,50993/2018
8/3/2018,110,61693/2018
8/3/2018,151,98896/2017
8/4/2018,6,15836/2018
8/4/2018,145,35946/2017
8/4/2018,20,47090/2018
8/4/2018,55,99763/2018
8/5/2018,6,34359/2018
8/5/2018,55,36405/2018
8/6/2018,55,26987/2018
8/6/2018,20,66211/2018
8/6/2018,55,66211/2018
8/7/2018,6,71288/2018
8/8/2018,55,94703/2018
8/9/2018,145,34205/2018
8/9/2018,6,6921/2018
8/9/2018,6,73764/2018
8/9/2018,20,96538/2018
8/10/2018,6,15637/2018
8/10/2018,55,17673/2018
8/10/2018,182,71101/2014
8/10/2018,20,76492/2018
8/11/2018,55,2675/2018
8/11/2018,6,2785/2018
8/11/2018,151,64133/2017
8/12/2018,110,12539/2017
8/12/2018,20,58432/2018
8/12/2018,55,58432/2018
8/12/2018,6,83116/2018
8/12/2018,190,88518/2016
8/12/2018,130,91001/2017
8/13/2018,20,27986/2018
8/13/2018,190,71028/2017
8/14/2018,20,72176/2018
8/15/2018,20,5613/2018
8/15/2018,178,89647/2015
8/16/2018,55,62995/2018
8/16/2018,6,67524/2018
8/16/2018,110,80760/2018
8/16/2018,6,84930/2018
8/17/2018,6,48920/2018
8/17/2018,182,71507/2015
8/17/2018,20,74060/2018
8/18/2018,178,38752/2015
8/19/2018,110,44923/2018
8/19/2018,20,69389/2018
8/19/2018,55,78024/2018
8/20/2018,20,18030/2018
8/20/2018,130,18647/2017
8/20/2018,6,26265/2018
8/20/2018,151,29687/2017
8/20/2018,55,32119/2018
8/20/2018,6,44403/2018
8/20/2018,110,5814/2017
8/20/2018,20,72891/2018
8/20/2018,182,84211/2015
8/20/2018,6,97801/2018
8/21/2018,110,14791/2018
8/22/2018,6,20221/2018
8/23/2018,6,68773/2018
8/23/2018,55,96172/2018
8/24/2018,20,25434/2018
8/24/2018,190,39557/2016
8/24/2018,110,84040/2017
8/25/2018,6,53855/2018
8/25/2018,20,78704/2018
8/25/2018,20,78894/2018
8/26/2018,121,4861/2017
8/26/2018,6,5910/2018
8/26/2018,178,82226/2014
8/26/2018,55,89694/2018
8/27/2018,20,48683/2018
8/27/2018,55,6300/2018
8/27/2018,6,87824/2018
8/28/2018,145,16238/2017
8/28/2018,121,33633/2017
9/1/2018,110,22331/2018
9/1/2018,110,50998/2018
9/1/2018,55,86016/2018
9/2/2018,151,27568/2017
9/2/2018,190,45942/2015
9/2/2018,110,82560/2018
9/2/2018,20,96514/2018
9/2/2018,55,96514/2018
9/3/2018,55,50993/2018
9/3/2018,110,51709/2018
9/3/2018,20,85512/2018
9/3/2018,55,89918/2018
9/4/2018,6,34343/2018
9/4/2018,20,45839/2018
9/4/2018,55,45839/2018
9/5/2018,110,36405/2018
9/5/2018,110,69846/2018
9/5/2018,145,91230/2017
9/6/2018,6,51650/2018
9/6/2018,6,52138/2018
9/6/2018,145,79660/2018
9/6/2018,151,89219/2018
9/7/2018,55,10552/2018
9/7/2018,110,10552/2018
9/7/2018,178,11011/2015
9/7/2018,181,11832/2017
9/7/2018,110,12506/2018
9/7/2018,20,71288/2018
9/8/2018,190,24838/2014
9/8/2018,6,5931/2018
9/9/2018,6,20198/2018
9/9/2018,110,34205/2018
9/9/2018,181,73744/2015
9/9/2018,181,92843/2016
9/10/2018,20,15637/2018
9/10/2018,55,1730/2018
9/10/2018,121,18739/2018
9/10/2018,6,24306/2018
9/10/2018,55,76492/2018
9/10/2018,6,79675/2018
9/10/2018,6,97948/2018
9/11/2018,130,17891/2018
9/11/2018,20,2785/2018
9/11/2018,6,91015/2018
9/11/2018,110,91913/2018
9/12/2018,20,52697/2018
9/12/2018,182,71220/2014
9/12/2018,145,77148/2018
9/12/2018,20,92547/2018
9/13/2018,55,16163/2018
9/13/2018,110,25582/2018
9/13/2018,55,27986/2018
9/13/2018,178,5285/2015
9/13/2018,190,96140/2017
9/14/2018,110,6383/2018
9/16/2018,6,39722/2018
9/16/2018,6,55499/2018
9/16/2018,20,67524/2018
9/16/2018,145,80760/2018
9/16/2018,6,84608/2018
9/16/2018,6,88921/2018
9/16/2018,6,99992/2018
9/17/2018,110,82412/2018
9/18/2018,6,48925/2018
9/19/2018,6,26381/2018
9/19/2018,6,33158/2018
9/19/2018,110,37152/2018
9/19/2018,145,45758/2017
9/19/2018,110,94411/2018
9/20/2018,20,44403/2018
9/20/2018,130,5814/2017
9/20/2018,110,69673/2018
9/20/2018,55,72891/2018
9/20/2018,6,79372/2018
9/20/2018,110,80451/2018
9/21/2018,190,67449/2015
9/21/2018,6,81209/2018
9/21/2018,20,86182/2018
9/21/2018,181,88163/2015
9/21/2018,110,90300/2018
9/21/2018,55,91289/2018
9/21/2018,110,91289/2018
9/23/2018,6,14119/2018
9/23/2018,182,16544/2017
9/23/2018,130,48706/2017
9/23/2018,55,54026/2018
9/23/2018,110,54026/2018
9/23/2018,55,60917/2018
9/23/2018,121,72287/2017
9/23/2018,110,75529/2018
9/23/2018,55,8724/2018
9/24/2018,20,22747/2018
9/24/2018,55,25434/2018
9/24/2018,6,30109/2018
9/24/2018,55,67494/2018
9/25/2018,182,38850/2017
9/25/2018,20,46735/2018
9/25/2018,55,46735/2018
9/25/2018,6,81478/2018
9/25/2018,6,86028/2018
9/26/2018,182,50157/2015
9/26/2018,110,90853/2018
9/26/2018,190,99380/2017
9/27/2018,6,25039/2018
9/27/2018,55,61749/2018
9/27/2018,181,66543/2016
9/28/2018,110,4340/2018
9/28/2018,130,4340/2018
9/28/2018,182,56436/2016
10/2/2018,20,58670/2018
10/3/2018,6,4015/2018
10/3/2018,110,50993/2018
10/3/2018,55,85512/2018
10/3/2018,178,96730/2014
10/4/2018,20,15836/2018
10/4/2018,20,34343/2018
10/4/2018,55,47090/2018
10/4/2018,110,78554/2018
10/5/2018,20,34359/2018
10/5/2018,55,34359/2018
10/5/2018,6,89094/2018
10/6/2018,55,24230/2018
10/6/2018,110,24230/2018
10/6/2018,20,51650/2018
10/6/2018,181,63941/2016
10/6/2018,110,66211/2018
10/6/2018,6,73240/2018
10/7/2018,178,26733/2015
10/7/2018,6,3470/2018
10/7/2018,190,55519/2017
10/7/2018,6,82684/2018
10/8/2018,20,5931/2018
10/8/2018,178,74905/2015
10/9/2018,121,55982/2017
10/9/2018,110,59931/2018
10/9/2018,20,6921/2018
10/9/2018,20,73764/2018
10/9/2018,6,80576/2018
10/10/2018,55,15637/2018
10/10/2018,121,33780/2017
10/10/2018,6,52505/2018
10/10/2018,20,79675/2018
10/10/2018,20,97948/2018
10/11/2018,151,75606/2017
10/11/2018,20,91015/2018
10/12/2018,182,51997/2015
10/12/2018,55,52697/2018
10/12/2018,6,64941/2018
10/12/2018,20,83116/2018
10/12/2018,55,92547/2018
10/13/2018,110,16163/2018
10/13/2018,6,34586/2018
10/13/2018,6,84138/2018
10/14/2018,181,36900/2015
10/14/2018,181,58264/2015
10/14/2018,151,59077/2018
10/14/2018,145,60469/2018
10/14/2018,178,61398/2015
10/14/2018,55,72176/2018
10/14/2018,6,83614/2018
10/16/2018,151,2385/2018
10/16/2018,20,55499/2018
10/16/2018,55,67524/2018
10/16/2018,20,84608/2018
10/16/2018,20,84930/2018
10/16/2018,20,99992/2018
10/17/2018,20,48920/2018
10/17/2018,55,48920/2018
10/17/2018,55,74060/2018
10/17/2018,6,82537/2018
10/18/2018,55,36358/2018
10/18/2018,190,90538/2014
10/19/2018,178,1973/2015
10/19/2018,20,26381/2018
10/19/2018,110,78024/2018
10/19/2018,130,78024/2018
10/20/2018,20,26265/2018
10/20/2018,55,26265/2018
10/20/2018,121,26668/2018
10/20/2018,110,32119/2018
10/20/2018,55,44403/2018
10/20/2018,145,69673/2018
10/20/2018,20,79372/2018
10/20/2018,20,97801/2018
10/21/2018,6,1836/2018
10/21/2018,20,81209/2018
10/22/2018,20,20221/2018
10/22/2018,6,39510/2018
10/22/2018,6,39774/2018
10/23/2018,20,14119/2018
10/23/2018,20,68773/2018
10/23/2018,6,99017/2018
10/24/2018,20,30109/2018
10/25/2018,110,30154/2018
10/25/2018,6,40514/2018
10/25/2018,20,53855/2018
10/25/2018,55,64736/2018
10/25/2018,6,71728/2018
10/25/2018,55,78894/2018
10/25/2018,110,78894/2018
10/25/2018,20,81478/2018
10/25/2018,20,86028/2018
10/26/2018,190,33447/2015
10/26/2018,20,5910/2018
10/26/2018,178,8362/2015
10/26/2018,121,90853/2018
10/27/2018,55,48683/2018
10/27/2018,20,87824/2018
10/28/2018,130,36173/2018
10/28/2018,55,5952/2018
10/28/2018,110,5952/2018
10/28/2018,6,65272/2018
10/28/2018,6,76352/2018
11/2/2018,55,58670/2018
11/2/2018,145,82560/2018
11/3/2018,20,4015/2018
11/3/2018,181,59224/2014
11/3/2018,182,66984/2016
11/3/2018,110,89918/2018
11/4/2018,145,11494/2018
11/4/2018,55,15836/2018
11/4/2018,110,47090/2018
11/4/2018,145,78554/2018
11/5/2018,121,15170/2017
11/5/2018,6,84634/2018
11/6/2018,20,52138/2018
11/6/2018,110,61302/2018
11/7/2018,190,29883/2014
11/7/2018,20,3470/2018
11/8/2018,130,46563/2017
11/8/2018,55,5931/2018
11/9/2018,20,20198/2018
11/9/2018,55,20198/2018
11/9/2018,55,6921/2018
11/9/2018,55,96538/2018
11/10/2018,20,24306/2018
11/10/2018,55,24306/2018
11/10/2018,20,52505/2018
11/10/2018,55,79675/2018
11/10/2018,6,94534/2018
11/11/2018,110,2675/2018
11/11/2018,55,2785/2018
11/11/2018,6,52964/2018
11/12/2018,121,12539/2017
11/12/2018,6,32797/2018
11/12/2018,110,52697/2018
11/12/2018,182,76877/2017
11/12/2018,55,83116/2018
11/13/2018,20,34586/2018
11/13/2018,20,84138/2018
11/14/2018,6,34493/2018
11/14/2018,110,60469/2018
11/14/2018,178,72901/2014
11/14/2018,181,73432/2015
11/15/2018,55,5613/2018
11/16/2018,190,1273/2015
11/16/2018,20,39722/2018
11/16/2018,110,62995/2018
11/16/2018,55,84930/2018
11/16/2018,20,88921/2018
11/17/2018,6,38644/2018
11/17/2018,6,57010/2018
11/17/2018,20,82537/2018
11/18/2018,6,42648/2018
11/18/2018,20,48925/2018
11/18/2018,6,61450/2018
11/19/2018,55,26381/2018
11/19/2018,20,33158/2018
11/19/2018,55,69389/2018
11/20/2018,55,18030/2018
11/20/2018,6,3049/2018
11/20/2018,6,63236/2018
11/20/2018,55,79372/2018
11/21/2018,110,69920/2018
11/21/2018,6,70881/2018
11/21/2018,55,81209/2018
11/21/2018,55,86182/2018
11/21/2018,110,86182/2018
11/21/2018,190,9239/2015
11/22/2018,55,20221/2018
11/22/2018,6,53952/2018
11/22/2018,182,92113/2014
11/23/2018,55,14119/2018
11/23/2018,182,32934/2016
11/23/2018,145,84275/2018
11/23/2018,151,96172/2018
11/23/2018,20,99017/2018
11/24/2018,6,21437/2018
11/24/2018,55,22747/2018
11/24/2018,110,67494/2018
11/25/2018,6,28425/2018
11/25/2018,178,36082/2015
11/25/2018,6,52348/2018
11/25/2018,20,71728/2018
11/25/2018,55,78704/2018
11/25/2018,55,81478/2018
11/26/2018,6,36968/2018
11/27/2018,20,25039/2018
11/27/2018,110,91394/2018
11/28/2018,182,64167/2016
11/28/2018,20,76352/2018
11/28/2018,6,89931/2018
12/1/2018,181,10288/2016
12/1/2018,110,86016/2018
12/2/2018,110,96514/2018
12/3/2018,178,19058/2015
12/3/2018,6,3123/2018
12/3/2018,121,50993/2018
12/4/2018,110,45839/2018
12/4/2018,151,50008/2018
12/5/2018,6,24255/2018
12/5/2018,6,26712/2018
12/5/2018,151,36405/2018
12/5/2018,6,45062/2018
12/5/2018,20,89094/2018
12/5/2018,6,99657/2018
12/6/2018,6,34187/2018
12/6/2018,110,48237/2018
12/6/2018,55,52138/2018
12/6/2018,20,73240/2018
12/6/2018,110,77871/2018
12/7/2018,145,12506/2018
12/7/2018,6,27631/2018
12/7/2018,190,54197/2015
12/7/2018,55,71288/2018
12/7/2018,110,71288/2018
12/7/2018,20,82684/2018
12/7/2018,55,82684/2018
12/7/2018,145,95156/2017
12/8/2018,6,70016/2018
12/8/2018,110,94703/2018
12/9/2018,121,23312/2018
12/9/2018,110,6921/2018
12/9/2018,55,73764/2018
12/9/2018,20,80576/2018
12/10/2018,110,17673/2018
12/11/2018,6,15146/2018
12/11/2018,110,47351/2018
12/11/2018,20,52964/2018
12/12/2018,20,64941/2018
12/12/2018,6,97921/2018
12/13/2018,110,27986/2018
12/13/2018,55,34586/2018
12/13/2018,110,42973/2018
12/13/2018,6,86561/2018
12/14/2018,6,10506/2018
12/14/2018,20,34493/2018
12/14/2018,6,4379/2018
12/14/2018,6,59918/2018
12/14/2018,20,83614/2018
12/15/2018,181,35865/2014
12/16/2018,55,39722/2018
12/16/2018,55,55499/2018
12/16/2018,110,67524/2018
12/16/2018,6,74396/2018
12/16/2018,110,84930/2018
12/16/2018,55,88921/2018
12/16/2018,55,99992/2018
12/17/2018,20,57010/2018
12/17/2018,110,74060/2018
12/17/2018,55,82537/2018
12/17/2018,130,85545/2017
12/18/2018,6,48652/2018
12/18/2018,55,48925/2018
12/18/2018,20,61450/2018
12/18/2018,181,62689/2016
12/18/2018,6,87266/2018
12/18/2018,110,95297/2018
12/19/2018,121,37152/2018
12/19/2018,110,69389/2018
12/19/2018,6,98722/2018
12/20/2018,20,3049/2018
12/20/2018,20,63236/2018
12/20/2018,55,97801/2018
12/20/2018,110,97801/2018
12/21/2018,20,1836/2018
12/21/2018,178,26295/2015
12/21/2018,6,53873/2018
12/21/2018,20,70881/2018
12/22/2018,110,20221/2018
12/22/2018,20,39510/2018
12/22/2018,20,39774/2018
12/22/2018,6,52374/2018
12/22/2018,20,53952/2018
12/23/2018,6,27626/2018
12/23/2018,110,60917/2018
12/23/2018,55,68773/2018
12/23/2018,110,8724/2018
12/23/2018,110,96172/2018
12/23/2018,55,99017/2018
12/24/2018,55,30109/2018
12/24/2018,110,54266/2018
12/24/2018,178,77823/2015
12/25/2018,20,40514/2018
12/25/2018,55,40514/2018
12/25/2018,55,53855/2018
12/25/2018,55,71728/2018
12/25/2018,6,86096/2018
12/26/2018,20,36968/2018
12/26/2018,55,5910/2018
12/26/2018,110,89694/2018
12/27/2018,55,25039/2018
12/27/2018,110,48683/2018
12/27/2018,110,61749/2018
12/27/2018,55,87824/2018
12/28/2018,182,63096/2016
12/28/2018,20,65272/2018
12/28/2018,55,65272/2018
1/1/2019,182,99184/2016
1/3/2019,20,3123/2018
1/4/2019,110,15836/2018
1/4/2019,55,34343/2018
1/4/2019,121,99763/2018
1/5/2019,20,24255/2018
1/5/2019,190,25925/2015
1/5/2019,20,45062/2018
1/5/2019,20,84634/2018
1/5/2019,55,89094/2018
1/5/2019,20,99657/2018
1/6/2019,20,34187/2018
1/6/2019,55,51650/2018
1/7/2019,151,10552/2018
1/7/2019,20,27631/2018
1/7/2019,55,3470/2018
1/7/2019,190,97698/2016
1/8/2019,20,70016/2018
1/9/2019,110,20198/2018
1/9/2019,182,40008/2015
1/9/2019,55,80576/2018
1/9/2019,182,83187/2016
1/10/2019,110,1730/2018
1/10/2019,20,94534/2018
1/10/2019,55,94534/2018
1/10/2019,55,97948/2018
1/11/2019,20,15146/2018
1/11/2019,181,50051/2014
1/11/2019,55,52964/2018
1/11/2019,55,91015/2018
1/12/2019,181,14989/2015
1/12/2019,20,32797/2018
1/12/2019,121,92547/2018
1/12/2019,20,97921/2018
1/13/2019,151,16163/2018
1/13/2019,121,25582/2018
1/13/2019,181,67164/2015
1/13/2019,55,84138/2018
1/14/2019,178,41291/2015
1/14/2019,20,4379/2018
1/14/2019,110,72176/2018
1/14/2019,55,83614/2018
1/16/2019,110,39722/2018
1/16/2019,110,55499/2018
1/16/2019,145,62995/2018
1/16/2019,55,84608/2018
1/17/2019,20,38644/2018
1/18/2019,20,42648/2018
1/18/2019,20,48652/2018
1/18/2019,190,69920/2017
1/18/2019,20,87266/2018
1/19/2019,55,33158/2018
1/19/2019,20,98722/2018
1/20/2019,110,18030/2018
1/20/2019,55,63236/2018
1/20/2019,110,72891/2018
1/20/2019,145,72891/2018
1/21/2019,20,53873/2018
1/21/2019,121,90300/2018
1/21/2019,178,95838/2015
1/22/2019,55,39774/2018
1/22/2019,20,52374/2018
1/23/2019,110,14119/2018
1/23/2019,20,27626/2018
1/23/2019,110,68773/2018
1/23/2019,130,8724/2018
1/24/2019,20,21437/2018
1/24/2019,110,22747/2018
1/24/2019,110,25434/2018
1/25/2019,20,28425/2018
1/25/2019,182,51191/2017
1/25/2019,20,52348/2018
1/25/2019,55,52348/2018
1/25/2019,110,64736/2018
1/25/2019,130,64736/2018
1/25/2019,110,78704/2018
1/25/2019,145,78894/2018
1/25/2019,55,86028/2018
1/25/2019,20,86096/2018
1/26/2019,130,89694/2018
1/27/2019,110,25039/2018
1/27/2019,151,48683/2018
1/27/2019,151,61749/2018
1/28/2019,55,76352/2018
1/28/2019,20,89931/2018
2/3/2019,55,4015/2018
2/4/2019,110,99763/2018
2/5/2019,55,24255/2018
2/5/2019,20,26712/2018
2/5/2019,55,84634/2018
2/6/2019,110,26987/2018
2/6/2019,55,34187/2018
2/6/2019,145,66211/2018
2/6/2019,55,73240/2018
2/7/2019,55,27631/2018
2/7/2019,121,71288/2018
2/8/2019,130,94703/2018
2/9/2019,110,80576/2018
2/10/2019,145,15637/2018
2/10/2019,151,1730/2018
2/10/2019,55,52505/2018
2/10/2019,178,59994/2014
2/11/2019,110,2785/2018
2/11/2019,178,87885/2015
2/11/2019,121,91913/2018
2/12/2019,55,32797/2018
2/12/2019,110,58432/2018
2/12/2019,151,58432/2018
2/12/2019,55,64941/2018
2/12/2019,110,64941/2018
2/13/2019,181,14875/2017
2/13/2019,20,86561/2018
2/14/2019,20,10506/2018
2/14/2019,55,34493/2018
2/14/2019,20,59918/2018
2/14/2019,110,83614/2018
2/15/2019,110,5613/2018
2/16/2019,20,74396/2018
2/16/2019,55,74396/2018
2/16/2019,151,84930/2018
2/16/2019,110,88921/2018
2/17/2019,55,57010/2018
2/17/2019,151,74060/2018
2/18/2019,182,11333/2015
2/18/2019,110,36358/2018
2/18/2019,55,42648/2018
2/18/2019,55,48652/2018
2/18/2019,190,93544/2017
2/19/2019,110,26381/2018
2/19/2019,181,5209/2015
2/20/2019,178,15617/2014
2/20/2019,55,3049/2018
2/20/2019,110,79372/2018
2/21/2019,55,1836/2018
2/22/2019,55,39510/2018
2/22/2019,55,53952/2018
2/23/2019,178,12090/2015
2/23/2019,130,68773/2018
2/24/2019,55,21437/2018
2/24/2019,121,22747/2018
2/25/2019,55,28425/2018
2/25/2019,145,30154/2018
2/25/2019,110,46735/2018
2/25/2019,151,53855/2018
2/25/2019,110,71728/2018
2/25/2019,110,86028/2018
2/26/2019,55,36968/2018
2/26/2019,110,5910/2018
2/27/2019,178,1529/2014
2/27/2019,190,30617/2015
2/27/2019,110,6300/2018
2/28/2019,110,76352/2018
2/28/2019,55,89931/2018
3/2/2019,178,28082/2015
3/3/2019,130,51709/2018
3/3/2019,181,6730/2015
3/3/2019,110,85512/2018
3/3/2019,151,85512/2018
3/4/2019,110,34343/2018
3/5/2019,55,45062/2018
3/5/2019,110,89094/2018
3/6/2019,151,26987/2018
3/6/2019,151,48237/2018
3/6/2019,110,52138/2018
3/6/2019,145,61302/2018
3/8/2019,55,70016/2018
3/9/2019,110,73764/2018
3/9/2019,110,96538/2018
3/9/2019,121,96538/2018
3/10/2019,110,15637/2018
3/10/2019,110,76492/2018
3/11/2019,55,15146/2018
3/11/2019,110,52964/2018
3/12/2019,145,52697/2018
3/12/2019,110,83116/2018
3/12/2019,110,92547/2018
3/13/2019,110,84138/2018
3/14/2019,110,34493/2018
3/14/2019,55,59918/2018
3/14/2019,182,97638/2016
3/15/2019,151,5613/2018
3/16/2019,182,22344/2017
3/16/2019,178,45714/2015
3/16/2019,110,84608/2018
3/17/2019,55,38644/2018
3/18/2019,110,48925/2018
3/18/2019,55,61450/2018
3/18/2019,55,87266/2018
3/19/2019,181,46160/2017
3/19/2019,55,98722/2018
3/20/2019,110,26265/2018
3/20/2019,110,44403/2018
3/21/2019,55,53873/2018
3/21/2019,55,70881/2018
3/21/2019,178,97531/2015
3/22/2019,110,39774/2018
3/22/2019,178,60930/2014
3/23/2019,55,27626/2018
3/23/2019,151,54026/2018
3/24/2019,110,21437/2018
3/24/2019,110,30109/2018
3/24/2019,130,30109/2018
3/24/2019,190,99309/2017
3/25/2019,145,46735/2018
3/25/2019,190,63168/2015
3/25/2019,110,81478/2018
3/25/2019,55,86096/2018
3/27/2019,110,87824/2018
3/28/2019,151,5952/2018
4/1/2019,145,50998/2018
4/2/2019,110,58670/2018
4/3/2019,55,3123/2018
4/3/2019,110,3123/2018
4/4/2019,181,52936/2017
4/5/2019,55,26712/2018
4/5/2019,110,34359/2018
4/5/2019,121,34359/2018
4/5/2019,181,75996/2015
4/5/2019,110,84634/2018
4/5/2019,55,99657/2018
4/6/2019,130,51650/2018
4/7/2019,110,82684/2018
4/8/2019,110,70016/2018
4/9/2019,190,62503/2016
4/10/2019,145,76492/2018
4/10/2019,110,79675/2018
4/10/2019,145,79675/2018
4/11/2019,151,2675/2018
4/11/2019,110,91015/2018
4/12/2019,145,64941/2018
4/12/2019,55,97921/2018
4/13/2019,178,27444/2015
4/13/2019,121,27986/2018
4/13/2019,110,34586/2018
4/13/2019,178,61390/2014
4/13/2019,178,64595/2014
4/13/2019,55,86561/2018
4/14/2019,55,10506/2018
4/14/2019,190,13776/2017
4/14/2019,55,4379/2018
4/14/2019,110,4379/2018
4/15/2019,178,90610/2014
4/16/2019,145,55499/2018
4/16/2019,145,67524/2018
4/16/2019,110,99992/2018
4/17/2019,110,48920/2018
4/19/2019,121,94411/2018
4/20/2019,145,26265/2018
4/20/2019,110,3049/2018
4/20/2019,130,97801/2018
4/21/2019,110,70881/2018
4/21/2019,110,81209/2018
4/21/2019,181,98404/2016
4/22/2019,151,39774/2018
4/22/2019,55,52374/2018
4/25/2019,110,53855/2018
4/25/2019,151,78704/2018
4/25/2019,121,81478/2018
5/2/2019,121,58670/2018
5/3/2019,181,30878/2016
5/3/2019,110,4015/2018
5/4/2019,178,61375/2016
5/6/2019,110,51650/2018
5/6/2019,110,73240/2018
5/7/2019,110,27631/2018
5/7/2019,178,44703/2016
5/8/2019,110,5931/2018
5/10/2019,110,24306/2018
5/10/2019,181,25966/2014
5/10/2019,110,52505/2018
5/10/2019,110,97948/2018
5/11/2019,130,47351/2018
5/12/2019,110,32797/2018
5/12/2019,110,97921/2018
5/16/2019,130,99992/2018
5/17/2019,110,82537/2018
5/17/2019,145,82537/2018
5/18/2019,110,42648/2018
5/18/2019,110,61450/2018
5/19/2019,110,33158/2018
5/19/2019,182,44923/2018
5/19/2019,178,53007/2016
5/19/2019,181,78024/2018
5/19/2019,110,98722/2018
5/20/2019,181,37406/2014
5/21/2019,110,1836/2018
5/21/2019,181,38512/2016
5/21/2019,190,91289/2018
5/22/2019,110,39510/2018
5/23/2019,182,45323/2017
5/23/2019,110,99017/2018
5/25/2019,178,35177/2014
5/25/2019,110,86096/2018
5/25/2019,182,96184/2016
5/26/2019,110,36968/2018
5/26/2019,178,38547/2016
5/26/2019,178,84692/2016
5/27/2019,121,25039/2018
5/28/2019,110,89931/2018
5/28/2019,145,89931/2018
6/1/2019,178,12689/2015
6/3/2019,182,2013/2015
6/3/2019,190,22319/2016
6/3/2019,121,4015/2018
6/4/2019,151,45839/2018
6/5/2019,110,24255/2018
6/5/2019,151,26712/2018
6/5/2019,182,89251/2016
6/5/2019,130,99657/2018
6/6/2019,181,17760/2015
6/7/2019,110,3470/2018
6/10/2019,130,24306/2018
6/10/2019,181,99079/2015
6/12/2019,130,83116/2018
6/14/2019,110,10506/2018
6/15/2019,190,64016/2016
6/16/2019,190,16429/2014
6/18/2019,178,41944/2015
6/20/2019,151,3049/2018
6/20/2019,110,63236/2018
6/20/2019,130,63236/2018
6/21/2019,110,53873/2018
6/22/2019,145,52374/2018
6/22/2019,110,53952/2018
6/23/2019,130,27626/2018
6/23/2019,178,67127/2016
6/24/2019,181,70588/2016
6/25/2019,110,40514/2018
6/25/2019,151,52348/2018
6/26/2019,181,97540/2016
6/28/2019,110,65272/2018
7/4/2019,130,15836/2018
7/4/2019,121,34343/2018
7/4/2019,178,85554/2015
7/5/2019,110,26712/2018
7/5/2019,178,5526/2016
7/5/2019,110,99657/2018
7/6/2019,110,34187/2018
7/6/2019,151,52138/2018
7/6/2019,178,79215/2014
7/7/2019,121,3470/2018
7/8/2019,181,61931/2015
7/9/2019,130,20198/2018
7/9/2019,178,83271/2015
7/10/2019,178,12101/2014
7/10/2019,190,86033/2017
7/10/2019,110,94534/2018
7/11/2019,110,15146/2018
7/13/2019,151,86561/2018
7/14/2019,130,83614/2018
7/16/2019,190,2385/2018
7/16/2019,182,66422/2015
7/16/2019,110,74396/2018
7/17/2019,110,38644/2018
7/17/2019,110,57010/2018
7/18/2019,110,48652/2018
7/18/2019,130,48652/2018
7/18/2019,110,87266/2018
7/18/2019,182,91710/2016
7/19/2019,145,98722/2018
7/20/2019,181,29687/2017
7/22/2019,110,52374/2018
7/23/2019,110,27626/2018
7/23/2019,178,53543/2014
7/25/2019,110,28425/2018
7/25/2019,145,28425/2018
7/25/2019,110,52348/2018
7/25/2019,121,71728/2018
7/25/2019,145,86028/2018
7/26/2019,190,25687/2017
7/28/2019,181,33633/2017
7/28/2019,181,59901/2015
7/28/2019,130,76352/2018
8/1/2019,181,61410/2014
8/5/2019,110,45062/2018
8/5/2019,130,89094/2018
8/6/2019,190,89219/2018
8/7/2019,145,27631/2018
8/7/2019,178,52592/2015
8/10/2019,151,97948/2018
8/11/2019,181,20762/2015
8/11/2019,145,91015/2018
8/12/2019,151,32797/2018
8/12/2019,181,65272/2015
8/12/2019,182,77445/2015
8/13/2019,110,86561/2018
8/14/2019,178,42446/2015
8/14/2019,110,59918/2018
8/16/2019,151,39722/2018
8/16/2019,178,47281/2015
8/16/2019,151,88921/2018
8/20/2019,190,26320/2015
8/21/2019,151,1836/2018
8/24/2019,151,21437/2018
8/25/2019,178,48044/2015
8/26/2019,121,36968/2018
8/26/2019,182,50518/2016
8/28/2019,178,23746/2015
8/28/2019,130,65272/2018
9/1/2019,178,65517/2014
9/4/2019,190,9996/2015
9/5/2019,130,45062/2018
9/6/2019,121,34187/2018
9/7/2019,181,71028/2016
9/7/2019,145,82684/2018
9/7/2019,182,93663/2015
9/10/2019,190,12706/2015
9/10/2019,178,4396/2015
9/10/2019,130,52505/2018
9/15/2019,178,67444/2016
9/15/2019,178,99796/2015
9/18/2019,151,48925/2018
9/18/2019,178,71070/2016
9/19/2019,182,40562/2016
9/21/2019,178,19535/2016
9/21/2019,151,70881/2018
9/21/2019,121,81209/2018
9/23/2019,190,75529/2018
9/23/2019,182,98322/2016
9/26/2019,181,23832/2017
9/28/2019,178,11322/2015
9/28/2019,178,91649/2015
10/2/2019,190,27568/2017
10/3/2019,190,64904/2016
10/7/2019,181,71288/2018
10/10/2019,178,21971/2015
10/10/2019,182,83460/2017
10/13/2019,151,34586/2018
10/13/2019,178,48333/2015
10/14/2019,145,10506/2018
10/14/2019,178,52011/2016
10/14/2019,145,59918/2018
10/16/2019,190,73623/2017
10/18/2019,130,42648/2018
10/18/2019,182,59491/2016
10/18/2019,178,95801/2016
10/20/2019,178,86175/2016
10/22/2019,151,53952/2018
10/23/2019,190,14119/2018
10/24/2019,190,38593/2018
10/26/2019,181,35891/2015
10/27/2019,190,13577/2016
11/2/2019,178,65796/2014
11/2/2019,190,96514/2018
11/3/2019,182,38965/2015
11/4/2019,182,39096/2016
11/5/2019,151,84634/2018
11/6/2019,178,10269/2016
11/6/2019,181,96748/2015
11/7/2019,178,84886/2016
11/8/2019,178,78401/2014
11/10/2019,181,79675/2018
11/11/2019,151,52964/2018
11/14/2019,181,15748/2017
11/14/2019,190,61956/2016
11/17/2019,182,75581/2015
11/18/2019,178,76605/2016
11/18/2019,121,87266/2018
11/19/2019,182,15272/2016
11/20/2019,178,67269/2016
11/22/2019,182,53952/2018
12/3/2019,121,3123/2018
12/5/2019,145,24255/2018
12/5/2019,181,36405/2018
12/8/2019,178,99349/2015
12/9/2019,182,59931/2018
12/11/2019,145,15146/2018
12/12/2019,178,76235/2014
12/12/2019,182,97921/2018
12/13/2019,190,1004/2017
12/14/2019,145,4379/2018
12/15/2019,178,89862/2016
12/19/2019,181,26381/2018
12/21/2019,178,98282/2016
12/22/2019,178,84208/2016
12/25/2019,130,86096/2018
12/27/2019,178,39537/2014
1/10/2020,190,52505/2018
1/12/2020,190,95696/2015
1/14/2020,178,34460/2016
1/14/2020,178,40268/2016
1/14/2020,182,6383/2018
1/16/2020,182,39722/2018
1/16/2020,190,88614/2015
1/17/2020,190,82412/2018
1/20/2020,182,97454/2015
1/23/2020,181,57168/2015
1/27/2020,181,33124/2015
1/28/2020,178,10975/2016
2/6/2020,190,49318/2015
2/6/2020,178,57550/2014
2/6/2020,178,75420/2017
2/11/2020,178,44914/2017
2/12/2020,178,71770/2014
2/19/2020,182,61384/2015
2/20/2020,181,80316/2015
2/21/2020,181,64614/2017
2/23/2020,178,3087/2015
2/27/2020,182,35711/2016
2/27/2020,182,91394/2018
3/1/2020,178,98549/2016
3/3/2020,182,50993/2018
3/6/2020,178,4153/2016
3/6/2020,181,69846/2017
3/7/2020,178,54562/2015
3/8/2020,181,85182/2017
3/10/2020,182,49608/2015
3/13/2020,190,98367/2017
3/20/2020,178,52653/2014
3/23/2020,181,99017/2018
3/25/2020,178,36629/2016
3/26/2020,181,73318/2017
3/27/2020,181,43056/2016
4/6/2020,182,61302/2018
4/8/2020,178,42879/2017
4/9/2020,190,83643/2015
4/10/2020,190,48067/2015
4/10/2020,182,97948/2018
4/15/2020,182,5613/2018
4/15/2020,178,66437/2016
4/15/2020,178,74024/2014
4/16/2020,181,17755/2016
4/20/2020,178,18083/2016
4/20/2020,178,4037/2016
4/21/2020,182,96067/2017
4/23/2020,190,27027/2017
4/23/2020,178,47170/2016
4/26/2020,190,91151/2017
4/27/2020,190,19340/2016
4/28/2020,181,16238/2017
5/2/2020,181,56905/2016
5/3/2020,190,4015/2018
5/3/2020,182,98896/2017
5/4/2020,182,6276/2015
5/11/2020,178,59903/2015
5/11/2020,182,62000/2016
5/11/2020,178,95976/2016
5/13/2020,182,34586/2018
5/17/2020,178,95219/2017
5/20/2020,181,90040/2017
5/24/2020,190,91257/2016
5/27/2020,178,86332/2016
6/7/2020,190,47312/2017
6/7/2020,182,77278/2016
6/8/2020,190,86990/2016
6/9/2020,178,22229/2016
6/12/2020,181,20207/2015
6/14/2020,181,77402/2016
6/23/2020,178,33258/2014
6/25/2020,190,74516/2017
6/26/2020,190,43628/2015
7/3/2020,181,68135/2016
7/4/2020,181,84633/2016
7/6/2020,182,96942/2015
7/7/2020,178,33601/2014
7/7/2020,178,98602/2017
7/8/2020,178,47013/2016
7/10/2020,182,91204/2017
7/11/2020,182,15146/2018
7/11/2020,190,52964/2018
7/11/2020,178,81725/2015
7/13/2020,181,20649/2016
7/14/2020,178,30504/2016
7/16/2020,190,55499/2018
7/18/2020,178,71349/2016
7/20/2020,181,63236/2018
7/20/2020,182,79372/2018
7/21/2020,182,21498/2017
7/21/2020,178,88251/2017
7/22/2020,181,20221/2018
7/25/2020,181,40850/2017
7/27/2020,178,65091/2017
8/1/2020,178,49913/2015
8/2/2020,178,41180/2015
8/2/2020,182,82560/2018
8/3/2020,178,7787/2017
8/6/2020,181,77871/2018
8/9/2020,190,83114/2015
8/13/2020,178,54435/2017
8/15/2020,181,4175/2017
8/16/2020,182,56839/2017
8/21/2020,178,26487/2017
8/23/2020,181,61091/2016
8/24/2020,178,14994/2015
8/27/2020,182,30634/2015
8/27/2020,178,44286/2016
8/28/2020,178,4441/2017
8/28/2020,178,45548/2017
9/3/2020,178,4104/2016
9/5/2020,178,60921/2017
9/7/2020,181,2145/2015
9/8/2020,178,81654/2017
9/9/2020,190,96538/2018
9/11/2020,182,23962/2017
9/12/2020,181,83116/2018
9/12/2020,182,91001/2017
9/13/2020,190,36274/2016
9/14/2020,178,83447/2017
9/20/2020,182,46705/2017
9/22/2020,178,37198/2015
9/26/2020,178,66991/2017
9/26/2020,178,79636/2016
9/26/2020,181,80682/2016
9/27/2020,182,16374/2016
9/27/2020,178,35167/2016
9/28/2020,181,40252/2017
10/15/2020,178,27825/2015
10/15/2020,182,6144/2016
10/21/2020,190,3815/2016
10/22/2020,190,90353/2017
11/1/2020,181,11552/2017
11/3/2020,181,51709/2018
11/4/2020,178,59117/2017
11/6/2020,178,13899/2017
11/6/2020,178,48477/2015
11/6/2020,181,97951/2017
11/8/2020,181,41334/2017
11/8/2020,178,84904/2016
11/9/2020,178,67614/2016
11/22/2020,182,52374/2018
11/24/2020,182,21437/2018
11/27/2020,182,89347/2017
12/6/2020,178,84634/2016
12/8/2020,178,89039/2017
12/9/2020,178,55982/2017
12/13/2020,181,21232/2016
12/16/2020,178,71119/2016
12/18/2020,190,48916/2016
12/20/2020,182,90037/2016
12/21/2020,178,77473/2016
12/22/2020,181,11363/2017
12/24/2020,178,19690/2015
12/24/2020,190,22747/2018
12/26/2020,181,47357/2017
12/28/2020,178,20893/2016
12/28/2020,181,29272/2017
1/2/2021,178,1861/2016
1/7/2021,178,89300/2017
1/8/2021,190,23965/2016
1/8/2021,178,81995/2017
1/12/2021,178,88872/2015
1/15/2021,190,15833/2016
1/25/2021,178,13934/2016
2/3/2021,178,28426/2015
2/5/2021,178,21181/2016
2/5/2021,178,22245/2017
2/9/2021,178,19257/2016
2/19/2021,181,63052/2016
2/20/2021,178,17735/2015
2/20/2021,178,23988/2015
2/20/2021,178,4008/2016
2/21/2021,178,91954/2017
2/22/2021,190,59598/2016
2/25/2021,178,58624/2017
2/26/2021,178,16842/2017
2/27/2021,181,87824/2018
3/2/2021,190,19136/2016
3/5/2021,178,56353/2017
3/14/2021,181,25729/2017
3/14/2021,178,92828/2015
3/16/2021,178,90066/2017
3/17/2021,178,77406/2015
3/21/2021,181,69920/2018
3/24/2021,182,83323/2016
3/25/2021,182,18837/2017
3/25/2021,178,30154/2018
3/27/2021,178,15378/2017
3/27/2021,181,23989/2017
3/28/2021,178,74641/2017
4/2/2021,178,2267/2017
4/2/2021,178,38839/2016
4/3/2021,178,61693/2018
4/5/2021,178,71236/2015
4/5/2021,182,96046/2018
4/7/2021,178,82070/2017
4/10/2021,178,18739/2018
4/16/2021,178,50613/2017
4/17/2021,181,48920/2018
4/18/2021,178,33455/2016
4/21/2021,181,70881/2018
4/22/2021,178,15425/2016
4/24/2021,181,4084/2016
5/12/2021,181,21253/2016
5/17/2021,178,53488/2017
5/17/2021,190,57010/2018
5/22/2021,182,46451/2016
5/25/2021,181,39671/2017
5/25/2021,178,53984/2015
5/26/2021,178,90853/2018
6/1/2021,178,22331/2018
6/1/2021,178,72252/2017
6/5/2021,182,69846/2018
6/6/2021,178,48237/2018
6/9/2021,178,49809/2017
6/13/2021,181,42497/2016
6/16/2021,178,37681/2015
6/16/2021,182,99992/2018
6/18/2021,178,61521/2016
6/19/2021,190,15280/2016
6/19/2021,182,9751/2017
6/20/2021,178,79366/2016
6/22/2021,178,81676/2017
6/22/2021,178,90795/2017
6/28/2021,190,4340/2018
7/7/2021,181,14305/2017
7/7/2021,182,46683/2016
7/7/2021,178,95156/2017
7/11/2021,178,64133/2017
7/15/2021,178,61903/2016
7/19/2021,178,69389/2018
7/19/2021,181,90526/2016
7/22/2021,178,12696/2017
7/23/2021,178,96172/2018
7/27/2021,178,18295/2016
8/4/2021,178,78554/2018
8/6/2021,190,21202/2017
8/7/2021,178,36643/2016
8/8/2021,181,11828/2016
8/13/2021,178,91408/2017
8/15/2021,181,71851/2016
8/20/2021,181,80451/2018
8/25/2021,178,11427/2016
9/3/2021,178,27262/2016
9/4/2021,178,34065/2017
9/4/2021,178,73129/2016
9/5/2021,178,5461/2017
9/8/2021,178,21572/2017
9/9/2021,190,2195/2018
9/9/2021,181,32859/2017
9/9/2021,178,54545/2017
9/12/2021,178,77148/2018
9/19/2021,190,45758/2017
9/20/2021,178,6379/2017
9/21/2021,178,86182/2018
9/24/2021,178,15841/2016
9/24/2021,178,44610/2017
9/24/2021,178,91147/2015
10/14/2021,178,21142/2017
10/14/2021,182,88852/2017
10/16/2021,182,75624/2016
10/21/2021,178,1836/2018
10/22/2021,178,39774/2018
10/23/2021,178,41065/2016
10/23/2021,182,8724/2018
10/23/2021,181,90803/2016
10/24/2021,178,88023/2017
10/25/2021,178,40514/2018
10/26/2021,178,4861/2017
10/26/2021,178,52849/2015
10/28/2021,178,45967/2016
10/28/2021,178,96913/2016
11/1/2021,181,63869/2016
11/4/2021,181,35946/2017
11/5/2021,182,16917/2017
11/6/2021,178,66211/2018
11/9/2021,182,24467/2017
11/9/2021,178,91957/2016
11/11/2021,178,59711/2017
11/11/2021,190,62348/2016
11/16/2021,181,67524/2018
11/19/2021,178,90630/2017
11/22/2021,178,43457/2016
11/23/2021,178,60917/2018
11/27/2021,178,6300/2018
12/1/2021,178,36389/2016
12/1/2021,178,51570/2016
12/9/2021,190,7224/2017
12/10/2021,181,1730/2018
12/12/2021,178,55269/2017
12/14/2021,182,6961/2017
12/17/2021,190,25464/2017
12/21/2021,190,11154/2017
12/25/2021,178,33256/2016
12/26/2021,190,8512/2017
1/6/2022,178,26987/2018
1/6/2022,178,51650/2018
1/6/2022,190,73240/2018
1/7/2022,178,33275/2017
1/7/2022,178,73132/2016
1/8/2022,181,29255/2017
1/8/2022,178,88012/2017
1/14/2022,178,73273/2017
1/25/2022,178,78894/2018
1/27/2022,190,25039/2018
2/8/2022,182,98270/2017
2/10/2022,178,54668/2017
2/10/2022,178,96754/2017
2/11/2022,178,30038/2017
2/18/2022,178,62908/2017
2/21/2022,178,14791/2018
2/25/2022,190,46735/2018
3/2/2022,178,39828/2016
3/5/2022,182,29299/2017
3/7/2022,178,27631/2018
3/10/2022,190,17673/2018
3/19/2022,178,79415/2016
3/20/2022,178,18647/2017
3/20/2022,181,3049/2018
3/20/2022,178,97801/2018
3/21/2022,178,53873/2018
3/23/2022,178,30428/2016
3/23/2022,178,7592/2017
3/26/2022,178,41215/2017
4/4/2022,178,11494/2018
4/8/2022,182,99510/2017
4/10/2022,178,11324/2017
4/11/2022,178,33396/2016
4/14/2022,181,3260/2017
4/21/2022,178,81209/2018
4/23/2022,178,30908/2017
5/2/2022,178,58670/2018
5/3/2022,190,3123/2018
5/4/2022,178,96591/2017
5/9/2022,178,69610/2017
5/12/2022,178,32797/2018
5/14/2022,182,34493/2018
5/14/2022,181,59077/2018
5/15/2022,178,35965/2017
5/18/2022,178,48925/2018
5/18/2022,178,89407/2017
5/20/2022,178,26668/2018
5/20/2022,178,91349/2016
5/25/2022,178,14423/2017
5/25/2022,190,52348/2018
5/25/2022,178,86096/2018
6/1/2022,178,50998/2018
6/6/2022,178,5436/2017
6/7/2022,181,82684/2018
6/9/2022,178,34205/2018
6/9/2022,178,37040/2017
6/11/2022,181,17891/2018
6/12/2022,182,52697/2018
6/12/2022,181,92547/2018
6/13/2022,178,93944/2017
6/16/2022,178,88921/2018
6/17/2022,178,65108/2017
6/20/2022,178,26265/2018
6/23/2022,178,72287/2017
7/4/2022,181,34343/2018
7/5/2022,178,55874/2017
7/8/2022,178,94703/2018
7/14/2022,181,59918/2018
7/21/2022,178,90300/2018
7/23/2022,178,48706/2017
7/24/2022,178,67494/2018
7/28/2022,190,97895/2017
8/5/2022,181,84634/2018
8/7/2022,178,10552/2018
8/15/2022,178,11237/2016
8/15/2022,178,9109/2017
8/16/2022,182,80760/2018
8/19/2022,178,41250/2016
8/21/2022,178,41038/2016
8/24/2022,178,30109/2018
8/27/2022,178,26622/2017
9/4/2022,190,47090/2018
9/4/2022,182,50008/2018
9/7/2022,181,3470/2018
9/9/2022,178,73764/2018
9/11/2022,178,49740/2017
9/22/2022,178,66700/2017
9/27/2022,178,70220/2017
10/1/2022,178,57747/2017
10/4/2022,178,43432/2017
10/4/2022,178,50265/2016
10/5/2022,178,1835/2017
10/6/2022,190,34187/2018
10/9/2022,178,87146/2017
10/12/2022,190,12539/2017
10/13/2022,190,84138/2018
10/16/2022,178,84608/2018
10/17/2022,178,85545/2017
10/19/2022,182,37152/2018
10/22/2022,181,39510/2018
10/23/2022,190,68773/2018
11/1/2022,178,22828/2016
11/3/2022,178,47271/2017
11/6/2022,190,79660/2018
11/10/2022,190,33780/2017
11/12/2022,182,58432/2018
11/14/2022,178,12013/2017
12/1/2022,178,66779/2017
12/1/2022,178,71795/2017
12/2/2022,178,98080/2017
12/3/2022,182,85512/2018
12/9/2022,178,20198/2018
12/10/2022,178,15637/2018
12/11/2022,178,75606/2017
12/16/2022,178,71972/2017
12/19/2022,178,94411/2018
12/23/2022,178,54026/2018
12/25/2022,181,86028/2018
12/26/2022,178,5910/2018
12/28/2022,190,89931/2018
1/4/2023,178,66130/2017
1/10/2023,178,6322/2017
1/13/2023,178,42973/2018
1/15/2023,178,51369/2017
1/17/2023,181,76989/2018
1/20/2023,178,5814/2017
1/26/2023,178,89694/2018
2/3/2023,181,89918/2018
2/8/2023,178,37048/2017
2/17/2023,190,22405/2018
2/19/2023,178,99554/2017
2/23/2023,178,71459/2017
2/27/2023,178,85656/2017
2/28/2023,181,5952/2018
3/5/2023,181,26712/2018
3/5/2023,178,91230/2017
3/9/2023,178,6921/2018
3/10/2023,181,24306/2018
3/11/2023,182,47351/2018
3/11/2023,178,91015/2018
3/16/2023,178,62995/2018
3/17/2023,178,67764/2017
3/20/2023,178,69673/2018
3/24/2023,178,84040/2017
4/5/2023,181,34359/2018
4/11/2023,178,91913/2018
4/17/2023,182,82537/2018
4/27/2023,190,61749/2018
4/28/2023,178,65272/2018
5/2/2023,178,56028/2017
5/8/2023,182,70016/2018
5/13/2023,178,25582/2018
5/17/2023,178,74060/2018
5/18/2023,178,95297/2018
5/24/2023,178,25434/2018
5/25/2023,190,78704/2018
5/25/2023,178,81478/2018
6/4/2023,178,29130/2017
6/4/2023,190,45839/2018
6/9/2023,178,80576/2018
6/13/2023,178,86561/2018
6/14/2023,181,10506/2018
6/14/2023,178,72176/2018
6/18/2023,178,36358/2018
6/28/2023,190,76352/2018
7/4/2023,178,15836/2018
7/5/2023,178,82205/2017
7/7/2023,178,12506/2018
7/7/2023,178,50514/2017
7/13/2023,178,27986/2018
7/14/2023,178,60469/2018
7/18/2023,178,42648/2018
7/20/2023,182,44403/2018
7/23/2023,178,84275/2018
7/25/2023,190,28425/2018
7/25/2023,178,53855/2018
7/25/2023,178,71728/2018
7/28/2023,178,36173/2018
8/3/2023,178,33638/2017
8/7/2023,178,13880/2017
8/8/2023,178,5931/2018
8/11/2023,178,2785/2018
8/14/2023,178,83614/2018
9/5/2023,178,15170/2017
9/13/2023,178,16163/2018
9/15/2023,178,75242/2017
9/19/2023,178,33158/2018
9/27/2023,178,48683/2018
10/9/2023,178,23312/2018
10/18/2023,178,61450/2018
10/20/2023,178,32119/2018
10/23/2023,182,27626/2018
10/25/2023,178,64736/2018
11/1/2023,178,86016/2018
11/8/2023,178,46563/2017
11/11/2023,178,2675/2018
11/18/2023,182,48652/2018
12/12/2023,178,64941/2018
12/17/2023,178,38644/2018
12/24/2023,178,54266/2018
2/5/2024,178,99657/2018
2/6/2024,178,52138/2018
2/16/2024,178,84930/2018
2/20/2024,178,18030/2018
4/6/2024,178,24230/2018
5/4/2024,178,99763/2018
5/19/2024,178,98722/2018
5/20/2024,178,72891/2018
7/5/2024,178,24255/2018
7/10/2024,178,76492/2018
7/10/2024,178,94534/2018
7/16/2024,178,74396/2018
7/18/2024,178,87266/2018
8/14/2024,178,4379/2018
9/5/2024,178,89094/2018
9/26/2024,178,36968/2018
11/5/2024,178,45062/2018
